timeStamp,elapsed,label,responseCode,responseMessage,threadName,dataType,success,failureMessage,bytes,sentBytes,grpThreads,allThreads,Latency,IdleTime,Connect
1492742398096,1616,HTTP Request,Non HTTP response code: java.net.SocketTimeoutException,Non HTTP response message: Read timed out,Thread Group 5-1,text,false,,2690,0,1,27,0,0,109
1492742398097,1616,HTTP Request,Non HTTP response code: java.net.SocketTimeoutException,Non HTTP response message: Read timed out,Thread Group 16-1,text,false,,2690,0,1,27,0,0,107
1492742398097,1617,HTTP Request,Non HTTP response code: java.net.SocketTimeoutException,Non HTTP response message: Read timed out,Thread Group 13-1,text,false,,2690,0,1,27,0,0,108
1492742398096,1618,HTTP Request,Non HTTP response code: java.net.SocketTimeoutException,Non HTTP response message: Read timed out,Thread Group 8-1,text,false,,2690,0,1,27,0,0,109
1492742398096,1619,HTTP Request,Non HTTP response code: java.net.SocketTimeoutException,Non HTTP response message: Read timed out,Thread Group 2-1,text,false,,2690,0,1,27,0,0,109
1492742398097,1619,HTTP Request,Non HTTP response code: java.net.SocketTimeoutException,Non HTTP response message: Read timed out,Thread Group 23-1,text,false,,2690,0,1,27,0,0,108
1492742398096,1620,HTTP Request,Non HTTP response code: java.net.SocketTimeoutException,Non HTTP response message: Read timed out,Thread Group 9-1,text,false,,2690,0,1,27,0,0,108
1492742398098,1619,HTTP Request,Non HTTP response code: java.net.SocketTimeoutException,Non HTTP response message: Read timed out,Thread Group 22-1,text,false,,2690,0,1,27,0,0,106
1492742398096,1621,HTTP Request,Non HTTP response code: java.net.SocketTimeoutException,Non HTTP response message: Read timed out,Thread Group 11-1,text,false,,2690,0,1,27,0,0,108
1492742398097,1621,HTTP Request,Non HTTP response code: java.net.SocketTimeoutException,Non HTTP response message: Read timed out,Thread Group 14-1,text,false,,2690,0,1,27,0,0,107
1492742398096,1623,HTTP Request,Non HTTP response code: java.net.SocketTimeoutException,Non HTTP response message: Read timed out,Thread Group 12-1,text,false,,2690,0,1,27,0,0,108
1492742398096,1624,HTTP Request,Non HTTP response code: java.net.SocketTimeoutException,Non HTTP response message: Read timed out,Thread Group 10-1,text,false,,2690,0,1,27,0,0,108
1492742398097,1623,HTTP Request,Non HTTP response code: java.net.SocketTimeoutException,Non HTTP response message: Read timed out,Thread Group 17-1,text,false,,2690,0,1,27,0,0,107
1492742398098,1623,HTTP Request,Non HTTP response code: java.net.SocketTimeoutException,Non HTTP response message: Read timed out,Thread Group 21-1,text,false,,2690,0,1,27,0,0,106
1492742398097,1624,HTTP Request,Non HTTP response code: java.net.SocketTimeoutException,Non HTTP response message: Read timed out,Thread Group 6-1,text,false,,2690,0,1,27,0,0,107
1492742398097,1627,HTTP Request,Non HTTP response code: java.net.SocketTimeoutException,Non HTTP response message: Read timed out,Thread Group 19-1,text,false,,2690,0,1,27,0,0,107
1492742398098,1626,HTTP Request,Non HTTP response code: java.net.SocketTimeoutException,Non HTTP response message: Read timed out,Thread Group 27-1,text,false,,2690,0,1,27,0,0,106
1492742398097,1628,HTTP Request,Non HTTP response code: java.net.SocketTimeoutException,Non HTTP response message: Read timed out,Thread Group 1-1,text,false,,2690,0,1,27,0,0,107
1492742398100,1626,HTTP Request,Non HTTP response code: java.net.SocketTimeoutException,Non HTTP response message: Read timed out,Thread Group 25-1,text,false,,2690,0,1,27,0,0,104
1492742398097,1629,HTTP Request,Non HTTP response code: java.net.SocketTimeoutException,Non HTTP response message: Read timed out,Thread Group 15-1,text,false,,2690,0,1,27,0,0,108
1492742398094,1633,HTTP Request,Non HTTP response code: java.net.SocketTimeoutException,Non HTTP response message: Read timed out,Thread Group 20-1,text,false,,2690,0,1,27,0,0,112
1492742398098,1630,HTTP Request,Non HTTP response code: java.net.SocketTimeoutException,Non HTTP response message: Read timed out,Thread Group 26-1,text,false,,2690,0,1,27,0,0,117
1492742398096,1632,HTTP Request,Non HTTP response code: java.net.SocketTimeoutException,Non HTTP response message: Read timed out,Thread Group 7-1,text,false,,2690,0,1,27,0,0,109
1492742398096,1623,HTTP Request,Non HTTP response code: java.net.SocketTimeoutException,Non HTTP response message: Read timed out,Thread Group 3-1,text,false,,2690,0,1,27,0,0,108
1492742398097,1630,HTTP Request,Non HTTP response code: java.net.SocketTimeoutException,Non HTTP response message: Read timed out,Thread Group 18-1,text,false,,2690,0,1,27,0,0,105
1492742398097,1628,HTTP Request,Non HTTP response code: java.net.SocketTimeoutException,Non HTTP response message: Read timed out,Thread Group 24-1,text,false,,2690,0,1,27,0,0,107
1492742398096,1615,HTTP Request,Non HTTP response code: java.net.SocketTimeoutException,Non HTTP response message: Read timed out,Thread Group 4-1,text,false,,2690,0,1,27,0,0,109
1492742399729,939,HTTP Request,200,OK,Thread Group 18-1,text,true,,378,208,1,27,938,0,16
1492742399732,1508,HTTP Request,Non HTTP response code: java.net.SocketTimeoutException,Non HTTP response message: Read timed out,Thread Group 1-1,text,false,,2690,0,1,27,0,0,5
1492742399731,1510,HTTP Request,Non HTTP response code: java.net.SocketTimeoutException,Non HTTP response message: Read timed out,Thread Group 20-1,text,false,,2690,0,1,27,0,0,7
1492742399731,1510,HTTP Request,Non HTTP response code: java.net.SocketTimeoutException,Non HTTP response message: Read timed out,Thread Group 15-1,text,false,,2690,0,1,27,0,0,7
1492742399731,1511,HTTP Request,Non HTTP response code: java.net.SocketTimeoutException,Non HTTP response message: Read timed out,Thread Group 25-1,text,false,,2690,0,1,27,0,0,7
1492742399733,1511,HTTP Request,Non HTTP response code: java.net.SocketTimeoutException,Non HTTP response message: Read timed out,Thread Group 21-1,text,false,,2690,0,1,27,0,0,9
1492742399736,1509,HTTP Request,Non HTTP response code: java.net.SocketTimeoutException,Non HTTP response message: Read timed out,Thread Group 8-1,text,false,,2690,0,1,27,0,0,6
1492742399734,1512,HTTP Request,Non HTTP response code: java.net.SocketTimeoutException,Non HTTP response message: Read timed out,Thread Group 10-1,text,false,,2690,0,1,27,0,0,9
1492742399733,1514,HTTP Request,Non HTTP response code: java.net.SocketTimeoutException,Non HTTP response message: Read timed out,Thread Group 6-1,text,false,,2690,0,1,27,0,0,10
1492742399730,1517,HTTP Request,Non HTTP response code: java.net.SocketTimeoutException,Non HTTP response message: Read timed out,Thread Group 26-1,text,false,,2690,0,1,27,0,0,13
1492742399732,1516,HTTP Request,Non HTTP response code: java.net.SocketTimeoutException,Non HTTP response message: Read timed out,Thread Group 27-1,text,false,,2690,0,1,27,0,0,12
1492742399735,1514,HTTP Request,Non HTTP response code: java.net.SocketTimeoutException,Non HTTP response message: Read timed out,Thread Group 9-1,text,false,,2690,0,1,27,0,0,9
1492742399733,1516,HTTP Request,Non HTTP response code: java.net.SocketTimeoutException,Non HTTP response message: Read timed out,Thread Group 17-1,text,false,,2690,0,1,27,0,0,11
1492742399730,1520,HTTP Request,Non HTTP response code: java.net.SocketTimeoutException,Non HTTP response message: Read timed out,Thread Group 7-1,text,false,,2690,0,1,27,0,0,15
1492742399737,1514,HTTP Request,Non HTTP response code: java.net.SocketTimeoutException,Non HTTP response message: Read timed out,Thread Group 16-1,text,false,,2690,0,1,27,0,0,8
1492742399730,1521,HTTP Request,Non HTTP response code: java.net.SocketTimeoutException,Non HTTP response message: Read timed out,Thread Group 3-1,text,false,,2690,0,1,27,0,0,15
1492742399736,1516,HTTP Request,Non HTTP response code: java.net.SocketTimeoutException,Non HTTP response message: Read timed out,Thread Group 2-1,text,false,,2690,0,1,27,0,0,9
1492742399734,1519,HTTP Request,Non HTTP response code: java.net.SocketTimeoutException,Non HTTP response message: Read timed out,Thread Group 14-1,text,false,,2690,0,1,27,0,0,12
1492742399734,1519,HTTP Request,Non HTTP response code: java.net.SocketTimeoutException,Non HTTP response message: Read timed out,Thread Group 12-1,text,false,,2690,0,1,27,0,0,12
1492742399732,1522,HTTP Request,Non HTTP response code: java.net.SocketTimeoutException,Non HTTP response message: Read timed out,Thread Group 19-1,text,false,,2690,0,1,27,0,0,14
1492742399737,1518,HTTP Request,Non HTTP response code: java.net.SocketTimeoutException,Non HTTP response message: Read timed out,Thread Group 11-1,text,false,,2690,0,1,27,0,0,9
1492742399729,1526,HTTP Request,Non HTTP response code: java.net.SocketTimeoutException,Non HTTP response message: Read timed out,Thread Group 24-1,text,false,,2690,0,1,27,0,0,18
1492742399748,1508,HTTP Request,Non HTTP response code: java.net.SocketTimeoutException,Non HTTP response message: Read timed out,Thread Group 5-1,text,false,,2690,0,1,27,0,0,3
1492742399747,1510,HTTP Request,Non HTTP response code: java.net.SocketTimeoutException,Non HTTP response message: Read timed out,Thread Group 4-1,text,false,,2690,0,1,27,0,0,4
1492742399735,1523,HTTP Request,Non HTTP response code: java.net.SocketTimeoutException,Non HTTP response message: Read timed out,Thread Group 22-1,text,false,,2690,0,1,27,0,0,20
1492742399736,1513,HTTP Request,Non HTTP response code: java.net.SocketTimeoutException,Non HTTP response message: Read timed out,Thread Group 13-1,text,false,,2690,0,1,27,0,0,8
1492742399735,1511,HTTP Request,Non HTTP response code: java.net.SocketTimeoutException,Non HTTP response message: Read timed out,Thread Group 23-1,text,false,,2690,0,1,27,0,0,8
1492742401241,784,HTTP Request,200,OK,Thread Group 20-1,text,true,,378,208,1,27,784,0,35
1492742400672,1362,HTTP Request,200,OK,Thread Group 18-1,text,true,,378,208,1,27,1362,0,1
1492742401250,1004,HTTP Request,200,OK,Thread Group 17-1,text,true,,378,208,1,27,1004,0,26
1492742401252,1398,HTTP Request,200,OK,Thread Group 3-1,text,true,,378,207,1,27,1398,0,25
1492742401260,1503,HTTP Request,Non HTTP response code: java.net.SocketTimeoutException,Non HTTP response message: Read timed out,Thread Group 13-1,text,false,,2690,0,1,27,0,0,1
1492742401250,1514,HTTP Request,Non HTTP response code: java.net.SocketTimeoutException,Non HTTP response message: Read timed out,Thread Group 7-1,text,false,,2690,0,1,27,0,0,11
1492742401260,1505,HTTP Request,Non HTTP response code: java.net.SocketTimeoutException,Non HTTP response message: Read timed out,Thread Group 23-1,text,false,,2690,0,1,27,0,0,1
1492742401260,1505,HTTP Request,Non HTTP response code: java.net.SocketTimeoutException,Non HTTP response message: Read timed out,Thread Group 19-1,text,false,,2690,0,1,27,0,0,2
1492742401261,1505,HTTP Request,Non HTTP response code: java.net.SocketTimeoutException,Non HTTP response message: Read timed out,Thread Group 25-1,text,false,,2690,0,1,27,0,0,1
1492742401254,1517,HTTP Request,Non HTTP response code: java.net.SocketTimeoutException,Non HTTP response message: Read timed out,Thread Group 12-1,text,false,,2690,0,1,27,0,0,9
1492742401258,1513,HTTP Request,Non HTTP response code: java.net.SocketTimeoutException,Non HTTP response message: Read timed out,Thread Group 22-1,text,false,,2690,0,1,27,0,0,5
1492742401240,1537,HTTP Request,Non HTTP response code: java.net.SocketTimeoutException,Non HTTP response message: Read timed out,Thread Group 1-1,text,false,,2690,0,1,27,0,0,35
1492742401257,1520,HTTP Request,Non HTTP response code: java.net.SocketTimeoutException,Non HTTP response message: Read timed out,Thread Group 5-1,text,false,,2690,0,1,27,0,0,18
1492742401251,1527,HTTP Request,Non HTTP response code: java.net.SocketTimeoutException,Non HTTP response message: Read timed out,Thread Group 16-1,text,false,,2690,0,1,27,0,0,24
1492742401249,1530,HTTP Request,Non HTTP response code: java.net.SocketTimeoutException,Non HTTP response message: Read timed out,Thread Group 9-1,text,false,,2690,0,1,27,0,0,27
1492742401248,1531,HTTP Request,Non HTTP response code: java.net.SocketTimeoutException,Non HTTP response message: Read timed out,Thread Group 26-1,text,false,,2690,0,1,27,0,0,28
1492742401247,1533,HTTP Request,Non HTTP response code: java.net.SocketTimeoutException,Non HTTP response message: Read timed out,Thread Group 6-1,text,false,,2690,0,1,27,0,0,29
1492742401252,1528,HTTP Request,Non HTTP response code: java.net.SocketTimeoutException,Non HTTP response message: Read timed out,Thread Group 2-1,text,false,,2690,0,1,27,0,0,25
1492742401246,1535,HTTP Request,Non HTTP response code: java.net.SocketTimeoutException,Non HTTP response message: Read timed out,Thread Group 10-1,text,false,,2690,0,1,27,0,0,31
1492742401242,1540,HTTP Request,Non HTTP response code: java.net.SocketTimeoutException,Non HTTP response message: Read timed out,Thread Group 15-1,text,false,,2690,0,1,27,0,0,35
1492742401245,1537,HTTP Request,Non HTTP response code: java.net.SocketTimeoutException,Non HTTP response message: Read timed out,Thread Group 8-1,text,false,,2690,0,1,27,0,0,32
1492742401253,1530,HTTP Request,Non HTTP response code: java.net.SocketTimeoutException,Non HTTP response message: Read timed out,Thread Group 14-1,text,false,,2690,0,1,27,0,0,25
1492742401248,1535,HTTP Request,Non HTTP response code: java.net.SocketTimeoutException,Non HTTP response message: Read timed out,Thread Group 27-1,text,false,,2690,0,1,27,0,0,30
1492742401255,1529,HTTP Request,Non HTTP response code: java.net.SocketTimeoutException,Non HTTP response message: Read timed out,Thread Group 11-1,text,false,,2690,0,1,27,0,0,23
1492742401245,1539,HTTP Request,Non HTTP response code: java.net.SocketTimeoutException,Non HTTP response message: Read timed out,Thread Group 21-1,text,false,,2690,0,1,27,0,0,33
1492742401256,1529,HTTP Request,Non HTTP response code: java.net.SocketTimeoutException,Non HTTP response message: Read timed out,Thread Group 24-1,text,false,,2690,0,1,27,0,0,22
1492742401257,1529,HTTP Request,Non HTTP response code: java.net.SocketTimeoutException,Non HTTP response message: Read timed out,Thread Group 4-1,text,false,,2690,0,1,27,0,0,22
1492742402025,1337,HTTP Request,200,OK,Thread Group 20-1,text,true,,378,208,1,27,1337,0,4
1492742402779,627,HTTP Request,200,OK,Thread Group 9-1,text,true,,378,207,1,27,627,0,9
1492742403406,16,HTTP Request,200,OK,Thread Group 9-1,text,true,,378,207,1,27,16,0,1
1492742402772,660,HTTP Request,200,OK,Thread Group 22-1,text,true,,378,208,1,27,660,0,1
1492742403423,10,HTTP Request,200,OK,Thread Group 9-1,text,true,,378,207,1,27,10,0,4
1492742403432,23,HTTP Request,200,OK,Thread Group 22-1,text,true,,378,208,1,27,22,0,1
1492742403433,47,HTTP Request,200,OK,Thread Group 9-1,text,true,,378,207,1,27,47,0,0
1492742403455,27,HTTP Request,200,OK,Thread Group 22-1,text,true,,378,208,1,27,27,0,2
1492742403482,30,HTTP Request,200,OK,Thread Group 22-1,text,true,,378,208,1,27,30,0,4
1492742403480,41,HTTP Request,200,OK,Thread Group 9-1,text,true,,378,207,1,27,41,0,1
1492742403513,22,HTTP Request,200,OK,Thread Group 22-1,text,true,,378,208,1,27,22,0,0
1492742402034,1503,HTTP Request,Non HTTP response code: java.net.SocketTimeoutException,Non HTTP response message: Read timed out,Thread Group 18-1,text,false,,2690,0,1,27,0,0,1
1492742403535,40,HTTP Request,200,OK,Thread Group 22-1,text,true,,378,208,1,27,40,0,4
1492742403576,31,HTTP Request,200,OK,Thread Group 22-1,text,true,,378,208,1,27,31,0,2
1492742402254,1503,HTTP Request,Non HTTP response code: java.net.SocketTimeoutException,Non HTTP response message: Read timed out,Thread Group 17-1,text,false,,2690,0,1,27,0,0,1
1492742402650,1503,HTTP Request,Non HTTP response code: java.net.SocketTimeoutException,Non HTTP response message: Read timed out,Thread Group 3-1,text,false,,2690,0,1,27,0,0,1
1492742402766,1509,HTTP Request,Non HTTP response code: java.net.SocketTimeoutException,Non HTTP response message: Read timed out,Thread Group 19-1,text,false,,2690,0,1,27,0,0,6
1492742402765,1511,HTTP Request,Non HTTP response code: java.net.SocketTimeoutException,Non HTTP response message: Read timed out,Thread Group 7-1,text,false,,2690,0,1,27,0,0,8
1492742402771,1505,HTTP Request,Non HTTP response code: java.net.SocketTimeoutException,Non HTTP response message: Read timed out,Thread Group 12-1,text,false,,2690,0,1,27,0,0,2
1492742402766,1511,HTTP Request,Non HTTP response code: java.net.SocketTimeoutException,Non HTTP response message: Read timed out,Thread Group 25-1,text,false,,2690,0,1,27,0,0,7
1492742402764,1514,HTTP Request,Non HTTP response code: java.net.SocketTimeoutException,Non HTTP response message: Read timed out,Thread Group 13-1,text,false,,2690,0,1,27,0,0,9
1492742402765,1509,HTTP Request,Non HTTP response code: java.net.SocketTimeoutException,Non HTTP response message: Read timed out,Thread Group 23-1,text,false,,2690,0,1,27,0,0,7
1492742402786,1502,HTTP Request,Non HTTP response code: java.net.SocketTimeoutException,Non HTTP response message: Read timed out,Thread Group 4-1,text,false,,2690,0,1,27,0,0,1
1492742402780,1509,HTTP Request,Non HTTP response code: java.net.SocketTimeoutException,Non HTTP response message: Read timed out,Thread Group 26-1,text,false,,2690,0,1,27,0,0,7
1492742402782,1508,HTTP Request,Non HTTP response code: java.net.SocketTimeoutException,Non HTTP response message: Read timed out,Thread Group 15-1,text,false,,2690,0,1,27,0,0,5
1492742402785,1506,HTTP Request,Non HTTP response code: java.net.SocketTimeoutException,Non HTTP response message: Read timed out,Thread Group 24-1,text,false,,2690,0,1,27,0,0,2
1492742402781,1510,HTTP Request,Non HTTP response code: java.net.SocketTimeoutException,Non HTTP response message: Read timed out,Thread Group 10-1,text,false,,2690,0,1,27,0,0,7
1492742402780,1512,HTTP Request,Non HTTP response code: java.net.SocketTimeoutException,Non HTTP response message: Read timed out,Thread Group 6-1,text,false,,2690,0,1,27,0,0,8
1492742402781,1511,HTTP Request,Non HTTP response code: java.net.SocketTimeoutException,Non HTTP response message: Read timed out,Thread Group 2-1,text,false,,2690,0,1,27,0,0,7
1492742402784,1509,HTTP Request,Non HTTP response code: java.net.SocketTimeoutException,Non HTTP response message: Read timed out,Thread Group 27-1,text,false,,2690,0,1,27,0,0,4
1492742402786,1508,HTTP Request,Non HTTP response code: java.net.SocketTimeoutException,Non HTTP response message: Read timed out,Thread Group 8-1,text,false,,2690,0,1,27,0,0,3
1492742402778,1516,HTTP Request,Non HTTP response code: java.net.SocketTimeoutException,Non HTTP response message: Read timed out,Thread Group 5-1,text,false,,2690,0,1,27,0,0,11
1492742402784,1511,HTTP Request,Non HTTP response code: java.net.SocketTimeoutException,Non HTTP response message: Read timed out,Thread Group 11-1,text,false,,2690,0,1,27,0,0,5
1492742402778,1517,HTTP Request,Non HTTP response code: java.net.SocketTimeoutException,Non HTTP response message: Read timed out,Thread Group 16-1,text,false,,2690,0,1,27,0,0,11
1492742402777,1519,HTTP Request,Non HTTP response code: java.net.SocketTimeoutException,Non HTTP response message: Read timed out,Thread Group 1-1,text,false,,2690,0,1,27,0,0,12
1492742402783,1513,HTTP Request,Non HTTP response code: java.net.SocketTimeoutException,Non HTTP response message: Read timed out,Thread Group 14-1,text,false,,2690,0,1,27,0,0,3
1492742402785,1505,HTTP Request,Non HTTP response code: java.net.SocketTimeoutException,Non HTTP response message: Read timed out,Thread Group 21-1,text,false,,2690,0,1,27,0,0,2
1492742403362,1504,HTTP Request,Non HTTP response code: java.net.SocketTimeoutException,Non HTTP response message: Read timed out,Thread Group 20-1,text,false,,2690,0,1,27,0,0,1
1492742404290,677,HTTP Request,200,OK,Thread Group 26-1,text,true,,378,208,1,27,677,0,9
1492742403521,1506,HTTP Request,Non HTTP response code: java.net.SocketTimeoutException,Non HTTP response message: Read timed out,Thread Group 9-1,text,false,,2690,0,1,27,0,0,4
1492742403537,1503,HTTP Request,Non HTTP response code: java.net.SocketTimeoutException,Non HTTP response message: Read timed out,Thread Group 18-1,text,false,,2690,0,1,27,0,0,1
1492742404968,95,HTTP Request,200,OK,Thread Group 26-1,text,true,,378,208,1,27,95,0,1
1492742405064,25,HTTP Request,200,OK,Thread Group 26-1,text,true,,378,208,1,27,24,0,2
1492742403608,1504,HTTP Request,Non HTTP response code: java.net.SocketTimeoutException,Non HTTP response message: Read timed out,Thread Group 22-1,text,false,,2690,0,1,27,0,0,2
1492742405089,38,HTTP Request,200,OK,Thread Group 26-1,text,true,,378,208,1,27,38,0,0
1492742405127,41,HTTP Request,200,OK,Thread Group 26-1,text,true,,378,208,1,27,41,0,1
1492742403758,1503,HTTP Request,Non HTTP response code: java.net.SocketTimeoutException,Non HTTP response message: Read timed out,Thread Group 17-1,text,false,,2690,0,1,27,0,0,1
1492742404276,1020,HTTP Request,200,OK,Thread Group 7-1,text,true,,378,207,1,27,1020,0,3
1492742404153,1503,HTTP Request,Non HTTP response code: java.net.SocketTimeoutException,Non HTTP response message: Read timed out,Thread Group 3-1,text,false,,2690,0,1,27,0,0,1
1492742404277,1504,HTTP Request,Non HTTP response code: java.net.SocketTimeoutException,Non HTTP response message: Read timed out,Thread Group 12-1,text,false,,2690,0,1,27,0,0,2
1492742404278,1505,HTTP Request,Non HTTP response code: java.net.SocketTimeoutException,Non HTTP response message: Read timed out,Thread Group 13-1,text,false,,2690,0,1,27,0,0,2
1492742404279,1504,HTTP Request,Non HTTP response code: java.net.SocketTimeoutException,Non HTTP response message: Read timed out,Thread Group 23-1,text,false,,2690,0,1,27,0,0,1
1492742404277,1507,HTTP Request,Non HTTP response code: java.net.SocketTimeoutException,Non HTTP response message: Read timed out,Thread Group 25-1,text,false,,2690,0,1,27,0,0,4
1492742404275,1507,HTTP Request,Non HTTP response code: java.net.SocketTimeoutException,Non HTTP response message: Read timed out,Thread Group 19-1,text,false,,2690,0,1,27,0,0,5
1492742404297,1502,HTTP Request,Non HTTP response code: java.net.SocketTimeoutException,Non HTTP response message: Read timed out,Thread Group 14-1,text,false,,2690,0,1,27,0,0,1
1492742404296,1504,HTTP Request,Non HTTP response code: java.net.SocketTimeoutException,Non HTTP response message: Read timed out,Thread Group 1-1,text,false,,2690,0,1,27,0,0,2
1492742404291,1509,HTTP Request,Non HTTP response code: java.net.SocketTimeoutException,Non HTTP response message: Read timed out,Thread Group 24-1,text,false,,2690,0,1,27,0,0,7
1492742404293,1508,HTTP Request,Non HTTP response code: java.net.SocketTimeoutException,Non HTTP response message: Read timed out,Thread Group 27-1,text,false,,2690,0,1,27,0,0,5
1492742404293,1508,HTTP Request,Non HTTP response code: java.net.SocketTimeoutException,Non HTTP response message: Read timed out,Thread Group 2-1,text,false,,2690,0,1,27,0,0,5
1492742404291,1512,HTTP Request,Non HTTP response code: java.net.SocketTimeoutException,Non HTTP response message: Read timed out,Thread Group 10-1,text,false,,2690,0,1,27,0,0,8
1492742404290,1513,HTTP Request,Non HTTP response code: java.net.SocketTimeoutException,Non HTTP response message: Read timed out,Thread Group 15-1,text,false,,2690,0,1,27,0,0,9
1492742404297,1507,HTTP Request,Non HTTP response code: java.net.SocketTimeoutException,Non HTTP response message: Read timed out,Thread Group 5-1,text,false,,2690,0,1,27,0,0,2
1492742404294,1510,HTTP Request,Non HTTP response code: java.net.SocketTimeoutException,Non HTTP response message: Read timed out,Thread Group 8-1,text,false,,2690,0,1,27,0,0,5
1492742404292,1513,HTTP Request,Non HTTP response code: java.net.SocketTimeoutException,Non HTTP response message: Read timed out,Thread Group 6-1,text,false,,2690,0,1,27,0,0,7
1492742404296,1509,HTTP Request,Non HTTP response code: java.net.SocketTimeoutException,Non HTTP response message: Read timed out,Thread Group 16-1,text,false,,2690,0,1,27,0,0,4
1492742404295,1511,HTTP Request,Non HTTP response code: java.net.SocketTimeoutException,Non HTTP response message: Read timed out,Thread Group 11-1,text,false,,2690,0,1,27,0,0,5
1492742404289,1518,HTTP Request,Non HTTP response code: java.net.SocketTimeoutException,Non HTTP response message: Read timed out,Thread Group 4-1,text,false,,2690,0,1,27,0,0,11
1492742404297,1509,HTTP Request,Non HTTP response code: java.net.SocketTimeoutException,Non HTTP response message: Read timed out,Thread Group 21-1,text,false,,2690,0,1,27,0,0,1
1492742405783,94,HTTP Request,200,OK,Thread Group 13-1,text,true,,378,208,1,27,94,0,2
1492742405878,6,HTTP Request,200,OK,Thread Group 13-1,text,true,,378,208,1,27,5,0,0
1492742405884,9,HTTP Request,200,OK,Thread Group 13-1,text,true,,378,208,1,27,9,0,1
1492742404868,1041,HTTP Request,200,OK,Thread Group 20-1,text,true,,378,208,1,27,1041,0,0
1492742405893,43,HTTP Request,200,OK,Thread Group 13-1,text,true,,378,208,1,27,43,0,2
1492742405937,47,HTTP Request,200,OK,Thread Group 13-1,text,true,,378,208,1,27,47,0,1
1492742405985,97,HTTP Request,200,OK,Thread Group 13-1,text,true,,378,208,1,27,97,0,0
1492742406083,16,HTTP Request,200,OK,Thread Group 13-1,text,true,,378,208,1,27,16,0,3
1492742406099,41,HTTP Request,200,OK,Thread Group 13-1,text,true,,378,208,1,27,41,0,1
1492742406141,8,HTTP Request,200,OK,Thread Group 13-1,text,true,,378,208,1,27,8,0,0
1492742406149,29,HTTP Request,200,OK,Thread Group 13-1,text,true,,378,208,1,27,29,0,2
1492742406179,42,HTTP Request,200,OK,Thread Group 13-1,text,true,,378,208,1,27,42,0,3
1492742405041,1213,HTTP Request,200,OK,Thread Group 18-1,text,true,,378,208,1,27,1213,0,1
1492742406221,35,HTTP Request,200,OK,Thread Group 13-1,text,true,,378,208,1,27,35,0,1
1492742406257,30,HTTP Request,200,OK,Thread Group 13-1,text,true,,378,208,1,27,30,0,1
1492742406288,64,HTTP Request,200,OK,Thread Group 13-1,text,true,,378,208,1,27,64,0,1
1492742405027,1503,HTTP Request,Non HTTP response code: java.net.SocketTimeoutException,Non HTTP response message: Read timed out,Thread Group 9-1,text,false,,2690,0,1,27,0,0,1
1492742405169,1401,HTTP Request,200,OK,Thread Group 26-1,text,true,,378,208,1,27,1400,0,1
1492742405112,1503,HTTP Request,Non HTTP response code: java.net.SocketTimeoutException,Non HTTP response message: Read timed out,Thread Group 22-1,text,false,,2690,0,1,27,0,0,1
1492742405297,1393,HTTP Request,200,OK,Thread Group 7-1,text,true,,378,207,1,27,1393,0,3
1492742405261,1486,HTTP Request,200,OK,Thread Group 17-1,text,true,,378,208,1,27,1486,0,2
1492742405801,1077,HTTP Request,200,OK,Thread Group 24-1,text,true,,378,208,1,27,1077,0,8
1492742405807,1087,HTTP Request,200,OK,Thread Group 4-1,text,true,,378,207,1,27,1087,0,1
1492742406878,22,HTTP Request,200,OK,Thread Group 24-1,text,true,,378,208,1,27,22,0,1
1492742406900,25,HTTP Request,200,OK,Thread Group 24-1,text,true,,378,208,1,27,25,0,1
1492742406895,33,HTTP Request,200,OK,Thread Group 4-1,text,true,,378,207,1,27,33,0,0
1492742405784,1179,HTTP Request,200,OK,Thread Group 19-1,text,true,,378,208,1,27,1179,0,1
1492742406928,67,HTTP Request,200,OK,Thread Group 4-1,text,true,,378,207,1,27,67,0,1
1492742406925,75,HTTP Request,200,OK,Thread Group 24-1,text,true,,378,208,1,27,75,0,1
1492742406995,52,HTTP Request,200,OK,Thread Group 4-1,text,true,,378,207,1,27,52,0,0
1492742407000,54,HTTP Request,200,OK,Thread Group 24-1,text,true,,378,208,1,27,54,0,1
1492742407047,44,HTTP Request,200,OK,Thread Group 4-1,text,true,,378,207,1,27,44,0,4
1492742407054,58,HTTP Request,200,OK,Thread Group 24-1,text,true,,378,208,1,27,58,0,0
1492742406352,763,HTTP Request,200,OK,Thread Group 13-1,text,true,,378,208,1,27,763,0,1
1492742407091,49,HTTP Request,200,OK,Thread Group 4-1,text,true,,378,207,1,27,49,0,0
1492742405657,1492,HTTP Request,200,OK,Thread Group 3-1,text,true,,378,207,1,27,1491,0,1
1492742407140,53,HTTP Request,200,OK,Thread Group 4-1,text,true,,378,207,1,27,53,0,3
1492742407113,82,HTTP Request,200,OK,Thread Group 24-1,text,true,,378,208,1,27,82,0,0
1492742405782,1418,HTTP Request,200,OK,Thread Group 12-1,text,true,,378,208,1,27,1418,0,4
1492742407193,41,HTTP Request,200,OK,Thread Group 4-1,text,true,,378,207,1,27,41,0,2
1492742405910,1328,HTTP Request,200,OK,Thread Group 20-1,text,true,,378,208,1,27,1328,0,0
1492742406254,1024,HTTP Request,200,OK,Thread Group 18-1,text,true,,378,208,1,27,1023,0,1
1492742407195,84,HTTP Request,200,OK,Thread Group 24-1,text,true,,378,208,1,27,84,0,0
1492742407234,47,HTTP Request,200,OK,Thread Group 4-1,text,true,,378,207,1,27,47,0,1
1492742405783,1504,HTTP Request,Non HTTP response code: java.net.SocketTimeoutException,Non HTTP response message: Read timed out,Thread Group 23-1,text,false,,2690,0,1,27,0,0,2
1492742405784,1504,HTTP Request,Non HTTP response code: java.net.SocketTimeoutException,Non HTTP response message: Read timed out,Thread Group 25-1,text,false,,2690,0,1,27,0,0,1
1492742405804,1506,HTTP Request,Non HTTP response code: java.net.SocketTimeoutException,Non HTTP response message: Read timed out,Thread Group 5-1,text,false,,2690,0,1,27,0,0,4
1492742405803,1508,HTTP Request,Non HTTP response code: java.net.SocketTimeoutException,Non HTTP response message: Read timed out,Thread Group 15-1,text,false,,2690,0,1,27,0,0,5
1492742405802,1509,HTTP Request,Non HTTP response code: java.net.SocketTimeoutException,Non HTTP response message: Read timed out,Thread Group 2-1,text,false,,2690,0,1,27,0,0,6
1492742405805,1507,HTTP Request,Non HTTP response code: java.net.SocketTimeoutException,Non HTTP response message: Read timed out,Thread Group 6-1,text,false,,2690,0,1,27,0,0,3
1492742405806,1506,HTTP Request,Non HTTP response code: java.net.SocketTimeoutException,Non HTTP response message: Read timed out,Thread Group 11-1,text,false,,2690,0,1,27,0,0,3
1492742405806,1507,HTTP Request,Non HTTP response code: java.net.SocketTimeoutException,Non HTTP response message: Read timed out,Thread Group 16-1,text,false,,2690,0,1,27,0,0,3
1492742405803,1510,HTTP Request,Non HTTP response code: java.net.SocketTimeoutException,Non HTTP response message: Read timed out,Thread Group 10-1,text,false,,2690,0,1,27,0,0,6
1492742405807,1507,HTTP Request,Non HTTP response code: java.net.SocketTimeoutException,Non HTTP response message: Read timed out,Thread Group 21-1,text,false,,2690,0,1,27,0,0,2
1492742405805,1510,HTTP Request,Non HTTP response code: java.net.SocketTimeoutException,Non HTTP response message: Read timed out,Thread Group 8-1,text,false,,2690,0,1,27,0,0,5
1492742405799,1516,HTTP Request,Non HTTP response code: java.net.SocketTimeoutException,Non HTTP response message: Read timed out,Thread Group 14-1,text,false,,2690,0,1,27,0,0,12
1492742405800,1518,HTTP Request,Non HTTP response code: java.net.SocketTimeoutException,Non HTTP response message: Read timed out,Thread Group 1-1,text,false,,2690,0,1,27,0,0,9
1492742405801,1509,HTTP Request,Non HTTP response code: java.net.SocketTimeoutException,Non HTTP response message: Read timed out,Thread Group 27-1,text,false,,2690,0,1,27,0,0,7
1492742407282,60,HTTP Request,200,OK,Thread Group 4-1,text,true,,378,207,1,27,60,0,0
1492742407280,104,HTTP Request,200,OK,Thread Group 24-1,text,true,,378,208,1,27,104,0,0
1492742406570,849,HTTP Request,200,OK,Thread Group 26-1,text,true,,378,208,1,27,849,0,0
1492742406690,781,HTTP Request,200,OK,Thread Group 7-1,text,true,,378,207,1,27,781,0,0
1492742406748,744,HTTP Request,200,OK,Thread Group 17-1,text,true,,378,208,1,27,744,0,0
1492742406964,567,HTTP Request,200,OK,Thread Group 19-1,text,true,,378,208,1,27,567,0,0
1492742406531,1040,HTTP Request,200,OK,Thread Group 9-1,text,true,,378,207,1,27,1040,0,1
1492742406616,1022,HTTP Request,200,OK,Thread Group 22-1,text,true,,378,208,1,27,1022,0,1
1492742407115,599,HTTP Request,200,OK,Thread Group 13-1,text,true,,378,208,1,27,599,0,1
1492742407149,581,HTTP Request,200,OK,Thread Group 3-1,text,true,,378,207,1,27,580,0,0
1492742407385,396,HTTP Request,200,OK,Thread Group 24-1,text,true,,378,208,1,27,396,0,1
1492742407200,599,HTTP Request,200,OK,Thread Group 12-1,text,true,,378,208,1,27,599,0,0
1492742407238,593,HTTP Request,200,OK,Thread Group 20-1,text,true,,378,208,1,27,593,0,0
1492742407278,588,HTTP Request,200,OK,Thread Group 18-1,text,true,,378,208,1,27,588,0,0
1492742407343,536,HTTP Request,200,OK,Thread Group 4-1,text,true,,378,207,1,27,536,0,0
1492742407310,601,HTTP Request,200,OK,Thread Group 5-1,text,true,,378,207,1,27,601,0,11
1492742407287,641,HTTP Request,200,OK,Thread Group 23-1,text,true,,378,208,1,27,641,0,4
1492742407420,525,HTTP Request,200,OK,Thread Group 26-1,text,true,,378,208,1,27,525,0,0
1492742407472,521,HTTP Request,200,OK,Thread Group 7-1,text,true,,378,207,1,27,521,0,0
1492742407493,518,HTTP Request,200,OK,Thread Group 17-1,text,true,,378,208,1,27,518,0,1
1492742407532,527,HTTP Request,200,OK,Thread Group 19-1,text,true,,378,208,1,27,527,0,0
1492742407571,524,HTTP Request,200,OK,Thread Group 9-1,text,true,,378,207,1,27,524,0,1
1492742407638,501,HTTP Request,200,OK,Thread Group 22-1,text,true,,378,208,1,27,501,0,1
1492742407714,497,HTTP Request,200,OK,Thread Group 13-1,text,true,,378,208,1,27,497,0,1
1492742407730,496,HTTP Request,200,OK,Thread Group 3-1,text,true,,378,207,1,27,496,0,0
1492742407781,494,HTTP Request,200,OK,Thread Group 24-1,text,true,,378,208,1,27,494,0,1
1492742407800,491,HTTP Request,200,OK,Thread Group 12-1,text,true,,378,208,1,27,491,0,0
1492742407288,1009,HTTP Request,200,OK,Thread Group 25-1,text,true,,378,208,1,27,1009,0,3
1492742408299,14,HTTP Request,200,OK,Thread Group 25-1,text,true,,378,208,1,27,13,0,0
1492742407832,491,HTTP Request,200,OK,Thread Group 20-1,text,true,,378,208,1,27,491,0,0
1492742408313,18,HTTP Request,200,OK,Thread Group 25-1,text,true,,378,208,1,27,18,0,0
1492742407866,491,HTTP Request,200,OK,Thread Group 18-1,text,true,,378,208,1,27,491,0,2
1492742408331,28,HTTP Request,200,OK,Thread Group 25-1,text,true,,378,208,1,27,28,0,1
1492742407880,498,HTTP Request,200,OK,Thread Group 4-1,text,true,,378,207,1,27,497,0,2
1492742407315,1066,HTTP Request,200,OK,Thread Group 14-1,text,true,,378,208,1,27,1066,0,4
1492742408359,49,HTTP Request,200,OK,Thread Group 25-1,text,true,,378,208,1,27,49,0,1
1492742407912,497,HTTP Request,200,OK,Thread Group 5-1,text,true,,378,207,1,27,497,0,0
1492742407929,497,HTTP Request,200,OK,Thread Group 23-1,text,true,,378,208,1,27,497,0,2
1492742408382,56,HTTP Request,200,OK,Thread Group 14-1,text,true,,378,208,1,27,56,0,0
1492742407945,497,HTTP Request,200,OK,Thread Group 26-1,text,true,,378,208,1,27,497,0,1
1492742408438,51,HTTP Request,200,OK,Thread Group 14-1,text,true,,378,208,1,27,51,0,0
1492742407993,501,HTTP Request,200,OK,Thread Group 7-1,text,true,,378,207,1,27,501,0,1
1492742408012,500,HTTP Request,200,OK,Thread Group 17-1,text,true,,378,208,1,27,500,0,0
1492742408408,129,HTTP Request,200,OK,Thread Group 25-1,text,true,,378,208,1,27,129,0,3
1492742408060,500,HTTP Request,200,OK,Thread Group 19-1,text,true,,378,208,1,27,500,0,0
1492742408096,496,HTTP Request,200,OK,Thread Group 9-1,text,true,,378,207,1,27,496,0,3
1492742408490,150,HTTP Request,200,OK,Thread Group 14-1,text,true,,378,208,1,27,150,0,1
1492742408141,503,HTTP Request,200,OK,Thread Group 22-1,text,true,,378,208,1,27,503,0,0
1492742408537,118,HTTP Request,200,OK,Thread Group 25-1,text,true,,378,208,1,27,118,0,1
1492742408655,22,HTTP Request,200,OK,Thread Group 25-1,text,true,,378,208,1,27,22,0,1
1492742408212,518,HTTP Request,200,OK,Thread Group 13-1,text,true,,378,208,1,27,518,0,2
1492742408227,517,HTTP Request,200,OK,Thread Group 3-1,text,true,,378,207,1,27,517,0,1
1492742408640,108,HTTP Request,200,OK,Thread Group 14-1,text,true,,378,208,1,27,108,0,1
1492742408277,521,HTTP Request,200,OK,Thread Group 24-1,text,true,,378,208,1,27,521,0,0
1492742408292,525,HTTP Request,200,OK,Thread Group 12-1,text,true,,378,208,1,27,525,0,4
1492742407315,1506,HTTP Request,Non HTTP response code: java.net.SocketTimeoutException,Non HTTP response message: Read timed out,Thread Group 8-1,text,false,,2690,0,1,27,0,0,4
1492742407313,1509,HTTP Request,Non HTTP response code: java.net.SocketTimeoutException,Non HTTP response message: Read timed out,Thread Group 16-1,text,false,,2690,0,1,27,0,0,6
1492742407313,1509,HTTP Request,Non HTTP response code: java.net.SocketTimeoutException,Non HTTP response message: Read timed out,Thread Group 11-1,text,false,,2690,0,1,27,0,0,7
1492742407314,1509,HTTP Request,Non HTTP response code: java.net.SocketTimeoutException,Non HTTP response message: Read timed out,Thread Group 21-1,text,false,,2690,0,1,27,0,0,6
1492742407312,1511,HTTP Request,Non HTTP response code: java.net.SocketTimeoutException,Non HTTP response message: Read timed out,Thread Group 2-1,text,false,,2690,0,1,27,0,0,8
1492742407314,1510,HTTP Request,Non HTTP response code: java.net.SocketTimeoutException,Non HTTP response message: Read timed out,Thread Group 10-1,text,false,,2690,0,1,27,0,0,6
1492742407319,1505,HTTP Request,Non HTTP response code: java.net.SocketTimeoutException,Non HTTP response message: Read timed out,Thread Group 27-1,text,false,,2690,0,1,27,0,0,1
1492742407312,1513,HTTP Request,Non HTTP response code: java.net.SocketTimeoutException,Non HTTP response message: Read timed out,Thread Group 6-1,text,false,,2690,0,1,27,0,0,8
1492742407311,1514,HTTP Request,Non HTTP response code: java.net.SocketTimeoutException,Non HTTP response message: Read timed out,Thread Group 15-1,text,false,,2690,0,1,27,0,0,9
1492742407318,1508,HTTP Request,Non HTTP response code: java.net.SocketTimeoutException,Non HTTP response message: Read timed out,Thread Group 1-1,text,false,,2690,0,1,27,0,0,3
1492742408324,544,HTTP Request,200,OK,Thread Group 20-1,text,true,,378,208,1,27,544,0,1
1492742408822,58,HTTP Request,200,OK,Thread Group 8-1,text,true,,378,207,1,27,58,0,6
1492742408359,544,HTTP Request,200,OK,Thread Group 18-1,text,true,,378,208,1,27,543,0,1
1492742408379,545,HTTP Request,200,OK,Thread Group 4-1,text,true,,378,207,1,27,545,0,0
1492742408880,49,HTTP Request,200,OK,Thread Group 8-1,text,true,,378,207,1,27,49,0,1
1492742408824,124,HTTP Request,200,OK,Thread Group 2-1,text,true,,378,207,1,27,124,0,4
1492742408948,7,HTTP Request,200,OK,Thread Group 2-1,text,true,,378,207,1,27,6,0,1
1492742408930,29,HTTP Request,200,OK,Thread Group 8-1,text,true,,378,207,1,27,29,0,0
1492742408410,551,HTTP Request,200,OK,Thread Group 5-1,text,true,,378,207,1,27,551,0,1
1492742408428,555,HTTP Request,200,OK,Thread Group 23-1,text,true,,378,208,1,27,555,0,0
1492742408825,160,HTTP Request,200,OK,Thread Group 10-1,text,true,,378,208,1,27,159,0,3
1492742408960,27,HTTP Request,200,OK,Thread Group 8-1,text,true,,378,207,1,27,27,0,0
1492742408985,17,HTTP Request,200,OK,Thread Group 10-1,text,true,,378,208,1,27,17,0,0
1492742408443,559,HTTP Request,200,OK,Thread Group 26-1,text,true,,378,208,1,27,559,0,0
1492742408987,44,HTTP Request,200,OK,Thread Group 8-1,text,true,,378,207,1,27,44,0,1
1492742409002,33,HTTP Request,200,OK,Thread Group 10-1,text,true,,378,208,1,27,33,0,1
1492742408677,383,HTTP Request,200,OK,Thread Group 25-1,text,true,,378,208,1,27,383,0,1
1492742409035,27,HTTP Request,200,OK,Thread Group 10-1,text,true,,378,208,1,27,27,0,3
1492742409032,32,HTTP Request,200,OK,Thread Group 8-1,text,true,,378,207,1,27,32,0,1
1492742408496,584,HTTP Request,200,OK,Thread Group 7-1,text,true,,378,207,1,27,583,0,0
1492742409063,18,HTTP Request,200,OK,Thread Group 10-1,text,true,,378,208,1,27,17,0,0
1492742409064,27,HTTP Request,200,OK,Thread Group 8-1,text,true,,378,207,1,27,27,0,0
1492742408513,591,HTTP Request,200,OK,Thread Group 17-1,text,true,,378,208,1,27,591,0,0
1492742409081,35,HTTP Request,200,OK,Thread Group 10-1,text,true,,378,208,1,27,35,0,1
1492742408749,410,HTTP Request,200,OK,Thread Group 14-1,text,true,,378,208,1,27,410,0,0
1492742409116,46,HTTP Request,200,OK,Thread Group 10-1,text,true,,378,208,1,27,46,0,0
1492742409091,72,HTTP Request,200,OK,Thread Group 8-1,text,true,,378,207,1,27,72,0,1
1492742409163,6,HTTP Request,200,OK,Thread Group 8-1,text,true,,378,207,1,27,6,0,1
1492742408955,219,HTTP Request,200,OK,Thread Group 2-1,text,true,,378,207,1,27,219,0,0
1492742408561,617,HTTP Request,200,OK,Thread Group 19-1,text,true,,378,208,1,27,617,0,1
1492742409169,22,HTTP Request,200,OK,Thread Group 8-1,text,true,,378,207,1,27,22,0,0
1492742409162,32,HTTP Request,200,OK,Thread Group 10-1,text,true,,378,208,1,27,32,0,1
1492742408827,407,HTTP Request,200,OK,Thread Group 1-1,text,true,,378,207,1,27,407,0,0
1492742409174,60,HTTP Request,200,OK,Thread Group 2-1,text,true,,378,207,1,27,60,0,2
1492742409195,40,HTTP Request,200,OK,Thread Group 10-1,text,true,,378,208,1,27,40,0,0
1492742409191,45,HTTP Request,200,OK,Thread Group 8-1,text,true,,378,207,1,27,45,0,2
1492742408593,650,HTTP Request,200,OK,Thread Group 9-1,text,true,,378,207,1,27,650,0,1
1492742409235,43,HTTP Request,200,OK,Thread Group 10-1,text,true,,378,208,1,27,43,0,1
1492742409236,43,HTTP Request,200,OK,Thread Group 8-1,text,true,,378,207,1,27,43,0,1
1492742409234,58,HTTP Request,200,OK,Thread Group 2-1,text,true,,378,207,1,27,58,0,1
1492742408644,655,HTTP Request,200,OK,Thread Group 22-1,text,true,,378,208,1,27,655,0,2
1492742409279,24,HTTP Request,200,OK,Thread Group 8-1,text,true,,378,207,1,27,24,0,1
1492742409278,27,HTTP Request,200,OK,Thread Group 10-1,text,true,,378,208,1,27,27,0,0
1492742409293,26,HTTP Request,200,OK,Thread Group 2-1,text,true,,378,207,1,27,26,0,0
1492742409305,16,HTTP Request,200,OK,Thread Group 10-1,text,true,,378,208,1,27,16,0,1
1492742409319,36,HTTP Request,200,OK,Thread Group 2-1,text,true,,378,207,1,27,36,0,1
1492742409304,52,HTTP Request,200,OK,Thread Group 8-1,text,true,,378,207,1,27,52,0,0
1492742409322,52,HTTP Request,200,OK,Thread Group 10-1,text,true,,378,208,1,27,52,0,0
1492742408731,655,HTTP Request,200,OK,Thread Group 13-1,text,true,,378,208,1,27,655,0,0
1492742409356,33,HTTP Request,200,OK,Thread Group 8-1,text,true,,378,207,1,27,33,0,3
1492742409359,36,HTTP Request,200,OK,Thread Group 2-1,text,true,,378,207,1,27,36,0,0
1492742409374,24,HTTP Request,200,OK,Thread Group 10-1,text,true,,378,208,1,27,24,0,1
1492742408745,668,HTTP Request,200,OK,Thread Group 3-1,text,true,,378,207,1,27,668,0,0
1492742409395,24,HTTP Request,200,OK,Thread Group 2-1,text,true,,378,207,1,27,24,0,1
1492742409389,47,HTTP Request,200,OK,Thread Group 8-1,text,true,,378,207,1,27,47,0,2
1492742409398,43,HTTP Request,200,OK,Thread Group 10-1,text,true,,378,208,1,27,43,0,1
1492742409420,33,HTTP Request,200,OK,Thread Group 2-1,text,true,,378,207,1,27,33,0,0
1492742409436,29,HTTP Request,200,OK,Thread Group 8-1,text,true,,378,207,1,27,29,0,2
1492742409234,242,HTTP Request,200,OK,Thread Group 1-1,text,true,,378,207,1,27,242,0,1
1492742409441,46,HTTP Request,200,OK,Thread Group 10-1,text,true,,378,208,1,27,46,0,0
1492742408799,698,HTTP Request,200,OK,Thread Group 24-1,text,true,,378,208,1,27,698,0,0
1492742409465,41,HTTP Request,200,OK,Thread Group 8-1,text,true,,378,207,1,27,41,0,1
1492742409488,31,HTTP Request,200,OK,Thread Group 10-1,text,true,,378,208,1,27,31,0,3
1492742408817,704,HTTP Request,200,OK,Thread Group 12-1,text,true,,378,208,1,27,704,0,3
1492742409519,43,HTTP Request,200,OK,Thread Group 10-1,text,true,,378,208,1,27,43,0,1
1492742408868,707,HTTP Request,200,OK,Thread Group 20-1,text,true,,378,208,1,27,707,0,1
1492742409562,19,HTTP Request,200,OK,Thread Group 10-1,text,true,,378,208,1,27,18,0,2
1492742409581,28,HTTP Request,200,OK,Thread Group 10-1,text,true,,378,208,1,27,28,0,0
1492742408903,718,HTTP Request,200,OK,Thread Group 18-1,text,true,,378,208,1,27,718,0,0
1492742409610,29,HTTP Request,200,OK,Thread Group 10-1,text,true,,378,208,1,27,29,0,0
1492742408925,722,HTTP Request,200,OK,Thread Group 4-1,text,true,,378,207,1,27,722,0,0
1492742408961,714,HTTP Request,200,OK,Thread Group 5-1,text,true,,378,207,1,27,714,0,1
1492742408983,708,HTTP Request,200,OK,Thread Group 23-1,text,true,,378,208,1,27,708,0,0
1492742409639,60,HTTP Request,200,OK,Thread Group 10-1,text,true,,378,208,1,27,60,0,9
1492742409002,705,HTTP Request,200,OK,Thread Group 26-1,text,true,,378,208,1,27,705,0,1
1492742409061,703,HTTP Request,200,OK,Thread Group 25-1,text,true,,378,208,1,27,703,0,0
1492742409080,699,HTTP Request,200,OK,Thread Group 7-1,text,true,,378,207,1,27,699,0,0
1492742409105,690,HTTP Request,200,OK,Thread Group 17-1,text,true,,378,208,1,27,690,0,2
1492742409453,359,HTTP Request,200,OK,Thread Group 2-1,text,true,,378,207,1,27,359,0,0
1492742409476,352,HTTP Request,200,OK,Thread Group 1-1,text,true,,378,207,1,27,352,0,1
1492742409159,679,HTTP Request,200,OK,Thread Group 14-1,text,true,,378,208,1,27,679,0,4
1492742408826,1015,HTTP Request,200,OK,Thread Group 6-1,text,true,,378,207,1,27,1015,0,1
1492742408823,1022,HTTP Request,200,OK,Thread Group 11-1,text,true,,378,208,1,27,1022,0,5
1492742409178,670,HTTP Request,200,OK,Thread Group 19-1,text,true,,378,208,1,27,670,0,0
1492742408824,1026,HTTP Request,200,OK,Thread Group 21-1,text,true,,378,208,1,27,1026,0,4
1492742409845,8,HTTP Request,200,OK,Thread Group 11-1,text,true,,378,208,1,27,8,0,0
1492742409841,14,HTTP Request,200,OK,Thread Group 6-1,text,true,,378,207,1,27,14,0,1
1492742409850,7,HTTP Request,200,OK,Thread Group 21-1,text,true,,378,208,1,27,7,0,0
1492742408825,1034,HTTP Request,200,OK,Thread Group 27-1,text,true,,378,208,1,27,1034,0,3
1492742409853,10,HTTP Request,200,OK,Thread Group 11-1,text,true,,378,208,1,27,10,0,0
1492742409857,8,HTTP Request,200,OK,Thread Group 21-1,text,true,,378,208,1,27,8,0,0
1492742409855,13,HTTP Request,200,OK,Thread Group 6-1,text,true,,378,207,1,27,13,0,0
1492742409859,12,HTTP Request,200,OK,Thread Group 27-1,text,true,,378,208,1,27,12,0,0
1492742409864,12,HTTP Request,200,OK,Thread Group 11-1,text,true,,378,208,1,27,12,0,0
1492742408823,1057,HTTP Request,200,OK,Thread Group 16-1,text,true,,378,208,1,27,1057,0,5
1492742409866,19,HTTP Request,200,OK,Thread Group 21-1,text,true,,378,208,1,27,19,0,0
1492742409871,22,HTTP Request,200,OK,Thread Group 27-1,text,true,,378,208,1,27,22,0,5
1492742409885,10,HTTP Request,200,OK,Thread Group 21-1,text,true,,378,208,1,27,10,0,0
1492742409869,26,HTTP Request,200,OK,Thread Group 6-1,text,true,,378,207,1,27,26,0,0
1492742409876,21,HTTP Request,200,OK,Thread Group 11-1,text,true,,378,208,1,27,21,0,0
1492742409880,21,HTTP Request,200,OK,Thread Group 16-1,text,true,,378,208,1,27,21,0,1
1492742409893,12,HTTP Request,200,OK,Thread Group 27-1,text,true,,378,208,1,27,12,0,6
1492742408826,1080,HTTP Request,200,OK,Thread Group 15-1,text,true,,378,208,1,27,1080,0,1
1492742409898,13,HTTP Request,200,OK,Thread Group 6-1,text,true,,378,207,1,27,13,0,1
1492742409895,19,HTTP Request,200,OK,Thread Group 21-1,text,true,,378,208,1,27,19,0,4
1492742409898,20,HTTP Request,200,OK,Thread Group 11-1,text,true,,378,208,1,27,20,0,0
1492742409911,8,HTTP Request,200,OK,Thread Group 6-1,text,true,,378,207,1,27,8,0,0
1492742409914,11,HTTP Request,200,OK,Thread Group 21-1,text,true,,378,208,1,27,11,0,0
1492742409918,9,HTTP Request,200,OK,Thread Group 11-1,text,true,,378,208,1,27,9,0,0
1492742409902,28,HTTP Request,200,OK,Thread Group 16-1,text,true,,378,208,1,27,28,0,0
1492742409906,26,HTTP Request,200,OK,Thread Group 27-1,text,true,,378,208,1,27,26,0,0
1492742409919,17,HTTP Request,200,OK,Thread Group 6-1,text,true,,378,207,1,27,17,0,0
1492742409925,13,HTTP Request,200,OK,Thread Group 21-1,text,true,,378,208,1,27,13,0,0
1492742409932,9,HTTP Request,200,OK,Thread Group 27-1,text,true,,378,208,1,27,9,0,4
1492742409931,12,HTTP Request,200,OK,Thread Group 16-1,text,true,,378,208,1,27,12,0,0
1492742409243,702,HTTP Request,200,OK,Thread Group 9-1,text,true,,378,207,1,27,702,0,1
1492742409927,19,HTTP Request,200,OK,Thread Group 11-1,text,true,,378,208,1,27,19,0,0
1492742409936,11,HTTP Request,200,OK,Thread Group 6-1,text,true,,378,207,1,27,11,0,0
1492742409942,11,HTTP Request,200,OK,Thread Group 27-1,text,true,,378,208,1,27,10,0,0
1492742409938,17,HTTP Request,200,OK,Thread Group 21-1,text,true,,378,208,1,27,17,0,0
1492742409944,14,HTTP Request,200,OK,Thread Group 16-1,text,true,,378,208,1,27,14,0,0
1492742409946,17,HTTP Request,200,OK,Thread Group 11-1,text,true,,378,208,1,27,17,0,0
1492742409953,12,HTTP Request,200,OK,Thread Group 27-1,text,true,,378,208,1,27,12,0,0
1492742409955,38,HTTP Request,200,OK,Thread Group 21-1,text,true,,378,208,1,27,38,0,1
1492742409958,41,HTTP Request,200,OK,Thread Group 16-1,text,true,,378,208,1,27,41,0,0
1492742409947,53,HTTP Request,200,OK,Thread Group 6-1,text,true,,378,207,1,27,53,0,1
1492742409963,40,HTTP Request,200,OK,Thread Group 11-1,text,true,,378,208,1,27,40,0,1
1492742409965,42,HTTP Request,200,OK,Thread Group 27-1,text,true,,378,208,1,27,42,0,1
1492742409507,506,HTTP Request,200,OK,Thread Group 8-1,text,true,,378,207,1,27,506,0,0
1492742410004,18,HTTP Request,200,OK,Thread Group 11-1,text,true,,378,208,1,27,18,0,0
1492742410000,26,HTTP Request,200,OK,Thread Group 6-1,text,true,,378,207,1,27,26,0,4
1492742409994,32,HTTP Request,200,OK,Thread Group 21-1,text,true,,378,208,1,27,32,0,0
1492742409999,31,HTTP Request,200,OK,Thread Group 16-1,text,true,,378,208,1,27,31,0,5
1492742410007,23,HTTP Request,200,OK,Thread Group 27-1,text,true,,378,208,1,27,23,0,0
1492742410026,8,HTTP Request,200,OK,Thread Group 6-1,text,true,,378,207,1,27,8,0,1
1492742410027,9,HTTP Request,200,OK,Thread Group 21-1,text,true,,378,208,1,27,9,0,1
1492742410030,17,HTTP Request,200,OK,Thread Group 16-1,text,true,,378,208,1,27,17,0,0
1492742410034,14,HTTP Request,200,OK,Thread Group 6-1,text,true,,378,207,1,27,14,0,2
1492742410022,27,HTTP Request,200,OK,Thread Group 11-1,text,true,,378,208,1,27,27,0,1
1492742410031,31,HTTP Request,200,OK,Thread Group 27-1,text,true,,378,208,1,27,31,0,9
1492742410036,30,HTTP Request,200,OK,Thread Group 21-1,text,true,,378,208,1,27,30,0,4
1492742410049,21,HTTP Request,200,OK,Thread Group 11-1,text,true,,378,208,1,27,21,0,1
1492742410047,25,HTTP Request,200,OK,Thread Group 16-1,text,true,,378,208,1,27,25,0,1
1492742410070,5,HTTP Request,200,OK,Thread Group 11-1,text,true,,378,208,1,27,5,0,0
1492742410048,32,HTTP Request,200,OK,Thread Group 6-1,text,true,,378,207,1,27,32,0,0
1492742410073,12,HTTP Request,200,OK,Thread Group 16-1,text,true,,378,208,1,27,12,0,0
1492742410075,14,HTTP Request,200,OK,Thread Group 11-1,text,true,,378,208,1,27,14,0,0
1492742410066,32,HTTP Request,200,OK,Thread Group 21-1,text,true,,378,208,1,27,32,0,0
1492742410062,40,HTTP Request,200,OK,Thread Group 27-1,text,true,,378,208,1,27,40,0,0
1492742409299,813,HTTP Request,200,OK,Thread Group 22-1,text,true,,378,208,1,27,813,0,0
1492742410081,35,HTTP Request,200,OK,Thread Group 6-1,text,true,,378,207,1,27,35,0,0
1492742410090,41,HTTP Request,200,OK,Thread Group 11-1,text,true,,378,208,1,27,41,0,0
1492742410086,47,HTTP Request,200,OK,Thread Group 16-1,text,true,,378,208,1,27,47,0,0
1492742410131,6,HTTP Request,200,OK,Thread Group 11-1,text,true,,378,208,1,27,6,0,1
1492742410102,43,HTTP Request,200,OK,Thread Group 27-1,text,true,,378,208,1,27,43,0,2
1492742410098,47,HTTP Request,200,OK,Thread Group 21-1,text,true,,378,208,1,27,47,0,1
1492742410137,42,HTTP Request,200,OK,Thread Group 11-1,text,true,,378,208,1,27,42,0,0
1492742410134,47,HTTP Request,200,OK,Thread Group 16-1,text,true,,378,208,1,27,47,0,0
1492742410180,3,HTTP Request,200,OK,Thread Group 11-1,text,true,,378,208,1,27,3,0,0
1492742410181,5,HTTP Request,200,OK,Thread Group 16-1,text,true,,378,208,1,27,5,0,1
1492742410145,45,HTTP Request,200,OK,Thread Group 27-1,text,true,,378,208,1,27,45,0,1
1492742409699,501,HTTP Request,200,OK,Thread Group 10-1,text,true,,378,208,1,27,501,0,1
1492742410183,19,HTTP Request,200,OK,Thread Group 11-1,text,true,,378,208,1,26,19,0,1
1492742409414,795,HTTP Request,200,OK,Thread Group 3-1,text,true,,378,207,1,26,795,0,0
1492742409387,828,HTTP Request,200,OK,Thread Group 13-1,text,true,,378,208,1,26,828,0,0
1492742410186,32,HTTP Request,200,OK,Thread Group 16-1,text,true,,378,208,1,26,32,0,0
1492742410218,5,HTTP Request,200,OK,Thread Group 16-1,text,true,,378,208,1,26,5,0,2
1492742410202,24,HTTP Request,200,OK,Thread Group 11-1,text,true,,378,208,1,26,24,0,1
1492742410226,13,HTTP Request,200,OK,Thread Group 11-1,text,true,,378,208,1,26,13,0,0
1492742410223,18,HTTP Request,200,OK,Thread Group 16-1,text,true,,378,208,1,26,18,0,1
1492742410240,3,HTTP Request,200,OK,Thread Group 11-1,text,true,,378,208,1,26,3,0,0
1492742410241,4,HTTP Request,200,OK,Thread Group 16-1,text,true,,378,208,1,25,4,0,1
1492742410245,15,HTTP Request,200,OK,Thread Group 16-1,text,true,,378,208,1,25,15,0,1
1492742410260,9,HTTP Request,200,OK,Thread Group 16-1,text,true,,378,208,1,25,9,0,1
1492742409497,778,HTTP Request,200,OK,Thread Group 24-1,text,true,,378,208,1,25,778,0,0
1492742410270,7,HTTP Request,200,OK,Thread Group 16-1,text,true,,378,208,1,25,7,0,0
1492742410278,11,HTTP Request,200,OK,Thread Group 16-1,text,true,,378,208,1,25,11,0,0
1492742409521,775,HTTP Request,200,OK,Thread Group 12-1,text,true,,378,208,1,25,775,0,1
1492742410289,9,HTTP Request,200,OK,Thread Group 16-1,text,true,,378,208,1,25,9,0,1
1492742410298,11,HTTP Request,200,OK,Thread Group 16-1,text,true,,378,208,1,25,11,0,0
1492742409575,759,HTTP Request,200,OK,Thread Group 20-1,text,true,,378,208,1,24,758,0,1
1492742409622,747,HTTP Request,200,OK,Thread Group 18-1,text,true,,378,208,1,24,747,0,0
1492742409647,728,HTTP Request,200,OK,Thread Group 4-1,text,true,,378,207,1,24,728,0,0
1492742409675,707,HTTP Request,200,OK,Thread Group 5-1,text,true,,378,207,1,24,707,0,1
1492742409707,687,HTTP Request,200,OK,Thread Group 26-1,text,true,,378,208,1,24,687,0,1
1492742409691,711,HTTP Request,200,OK,Thread Group 23-1,text,true,,378,208,1,24,711,0,1
1492742410116,294,HTTP Request,200,OK,Thread Group 6-1,text,true,,378,207,1,24,294,0,0
1492742410146,290,HTTP Request,200,OK,Thread Group 21-1,text,true,,378,208,1,24,290,0,0
1492742409764,690,HTTP Request,200,OK,Thread Group 25-1,text,true,,378,208,1,24,690,0,1
1492742410190,277,HTTP Request,200,OK,Thread Group 27-1,text,true,,378,208,1,24,277,0,1
1492742409779,706,HTTP Request,200,OK,Thread Group 7-1,text,true,,378,207,1,24,706,0,1
1492742409796,701,HTTP Request,200,OK,Thread Group 17-1,text,true,,378,208,1,24,701,0,0
1492742409812,694,HTTP Request,200,OK,Thread Group 2-1,text,true,,378,207,1,24,694,0,1
1492742409828,709,HTTP Request,200,OK,Thread Group 1-1,text,true,,378,207,1,24,709,0,1
1492742409838,703,HTTP Request,200,OK,Thread Group 14-1,text,true,,378,208,1,24,703,0,1
1492742409849,701,HTTP Request,200,OK,Thread Group 19-1,text,true,,378,208,1,24,700,0,1
1492742409906,660,HTTP Request,200,OK,Thread Group 15-1,text,true,,378,208,1,24,660,0,1
1492742409945,626,HTTP Request,200,OK,Thread Group 9-1,text,true,,378,207,1,24,626,0,1
1492742410013,568,HTTP Request,200,OK,Thread Group 8-1,text,true,,378,207,1,24,568,0,1
1492742410113,531,HTTP Request,200,OK,Thread Group 22-1,text,true,,378,208,1,24,531,0,0
1492742410215,447,HTTP Request,200,OK,Thread Group 13-1,text,true,,378,208,1,24,447,0,1
1492742410209,497,HTTP Request,200,OK,Thread Group 3-1,text,true,,378,207,1,24,497,0,1
1492742410275,468,HTTP Request,200,OK,Thread Group 24-1,text,true,,378,208,1,24,468,0,0
1492742410296,451,HTTP Request,200,OK,Thread Group 12-1,text,true,,378,208,1,24,451,0,0
1492742410334,451,HTTP Request,200,OK,Thread Group 20-1,text,true,,378,208,1,24,451,0,0
1492742410383,435,HTTP Request,200,OK,Thread Group 5-1,text,true,,378,207,1,24,435,0,0
1492742410370,453,HTTP Request,200,OK,Thread Group 18-1,text,true,,378,208,1,24,452,0,0
1492742410376,457,HTTP Request,200,OK,Thread Group 4-1,text,true,,378,207,1,24,457,0,0
1492742410395,442,HTTP Request,200,OK,Thread Group 26-1,text,true,,378,208,1,24,442,0,0
1492742410402,444,HTTP Request,200,OK,Thread Group 23-1,text,true,,378,208,1,24,444,0,1
1492742410410,451,HTTP Request,200,OK,Thread Group 6-1,text,true,,378,207,1,24,451,0,0
1492742410454,421,HTTP Request,200,OK,Thread Group 25-1,text,true,,378,208,1,24,421,0,1
1492742410437,448,HTTP Request,200,OK,Thread Group 21-1,text,true,,378,208,1,24,448,0,1
1492742410467,426,HTTP Request,200,OK,Thread Group 27-1,text,true,,378,208,1,24,426,0,1
1492742410485,422,HTTP Request,200,OK,Thread Group 7-1,text,true,,378,207,1,24,422,0,2
1492742410498,420,HTTP Request,200,OK,Thread Group 17-1,text,true,,378,208,1,24,420,0,0
1492742410507,415,HTTP Request,200,OK,Thread Group 2-1,text,true,,378,207,1,24,415,0,0
1492742410537,413,HTTP Request,200,OK,Thread Group 1-1,text,true,,378,207,1,24,413,0,1
1492742410541,415,HTTP Request,200,OK,Thread Group 14-1,text,true,,378,208,1,24,415,0,0
1492742410550,415,HTTP Request,200,OK,Thread Group 19-1,text,true,,378,208,1,24,415,0,0
1492742410566,415,HTTP Request,200,OK,Thread Group 15-1,text,true,,378,208,1,24,415,0,1
1492742410572,414,HTTP Request,200,OK,Thread Group 9-1,text,true,,378,207,1,24,414,0,0
1492742410581,416,HTTP Request,200,OK,Thread Group 8-1,text,true,,378,207,1,24,416,0,1
1492742410644,412,HTTP Request,200,OK,Thread Group 22-1,text,true,,378,208,1,24,412,0,1
1492742410662,411,HTTP Request,200,OK,Thread Group 13-1,text,true,,378,208,1,24,411,0,1
1492742410706,402,HTTP Request,200,OK,Thread Group 3-1,text,true,,378,207,1,24,402,0,1
1492742410744,397,HTTP Request,200,OK,Thread Group 24-1,text,true,,378,208,1,24,397,0,0
1492742410748,401,HTTP Request,200,OK,Thread Group 12-1,text,true,,378,208,1,24,401,0,0
1492742410785,400,HTTP Request,200,OK,Thread Group 20-1,text,true,,378,208,1,24,400,0,1
1492742410818,422,HTTP Request,200,OK,Thread Group 5-1,text,true,,378,207,1,24,422,0,0
1492742410823,426,HTTP Request,200,OK,Thread Group 18-1,text,true,,378,208,1,24,426,0,0
1492742410833,420,HTTP Request,200,OK,Thread Group 4-1,text,true,,378,207,1,24,420,0,0
1492742410837,427,HTTP Request,200,OK,Thread Group 26-1,text,true,,378,208,1,24,427,0,0
1492742410846,422,HTTP Request,200,OK,Thread Group 23-1,text,true,,378,208,1,24,422,0,0
1492742410862,427,HTTP Request,200,OK,Thread Group 6-1,text,true,,378,207,1,24,427,0,0
1492742410875,431,HTTP Request,200,OK,Thread Group 25-1,text,true,,378,208,1,24,431,0,1
1492742410885,426,HTTP Request,200,OK,Thread Group 21-1,text,true,,378,208,1,24,426,0,1
1492742410893,426,HTTP Request,200,OK,Thread Group 27-1,text,true,,378,208,1,24,426,0,0
1492742410908,427,HTTP Request,200,OK,Thread Group 7-1,text,true,,378,207,1,24,427,0,2
1492742410919,421,HTTP Request,200,OK,Thread Group 17-1,text,true,,378,208,1,24,421,0,4
1492742410922,427,HTTP Request,200,OK,Thread Group 2-1,text,true,,378,207,1,24,427,0,1
1492742410950,424,HTTP Request,200,OK,Thread Group 1-1,text,true,,378,207,1,24,424,0,0
1492742410956,427,HTTP Request,200,OK,Thread Group 14-1,text,true,,378,208,1,24,427,0,0
1492742410965,424,HTTP Request,200,OK,Thread Group 19-1,text,true,,378,208,1,24,424,0,1
1492742410981,424,HTTP Request,200,OK,Thread Group 15-1,text,true,,378,208,1,24,423,0,3
1492742410986,428,HTTP Request,200,OK,Thread Group 9-1,text,true,,378,207,1,24,428,0,1
1492742410998,446,HTTP Request,200,OK,Thread Group 8-1,text,true,,378,207,1,24,446,0,0
1492742411056,424,HTTP Request,200,OK,Thread Group 22-1,text,true,,378,208,1,24,424,0,1
1492742411073,423,HTTP Request,200,OK,Thread Group 13-1,text,true,,378,208,1,24,423,0,0
1492742411108,421,HTTP Request,200,OK,Thread Group 3-1,text,true,,378,207,1,24,421,0,1
1492742411142,426,HTTP Request,200,OK,Thread Group 24-1,text,true,,378,208,1,24,426,0,0
1492742411149,422,HTTP Request,200,OK,Thread Group 12-1,text,true,,378,208,1,24,422,0,4
1492742411187,423,HTTP Request,200,OK,Thread Group 20-1,text,true,,378,208,1,24,423,0,0
1492742411240,389,HTTP Request,200,OK,Thread Group 5-1,text,true,,378,207,1,24,389,0,0
1492742411249,389,HTTP Request,200,OK,Thread Group 18-1,text,true,,378,208,1,24,389,0,1
1492742411254,398,HTTP Request,200,OK,Thread Group 4-1,text,true,,378,207,1,24,398,0,0
1492742411265,398,HTTP Request,200,OK,Thread Group 26-1,text,true,,378,208,1,24,398,0,0
1492742411269,399,HTTP Request,200,OK,Thread Group 23-1,text,true,,378,208,1,24,399,0,0
1492742411289,392,HTTP Request,200,OK,Thread Group 6-1,text,true,,378,207,1,24,392,0,1
1492742411306,395,HTTP Request,200,OK,Thread Group 25-1,text,true,,378,208,1,24,395,0,1
1492742411311,393,HTTP Request,200,OK,Thread Group 21-1,text,true,,378,208,1,24,393,0,0
1492742411320,390,HTTP Request,200,OK,Thread Group 27-1,text,true,,378,208,1,24,390,0,0
1492742411336,392,HTTP Request,200,OK,Thread Group 7-1,text,true,,378,207,1,24,392,0,0
1492742411341,390,HTTP Request,200,OK,Thread Group 17-1,text,true,,378,208,1,24,390,0,0
1492742411349,388,HTTP Request,200,OK,Thread Group 2-1,text,true,,378,207,1,24,388,0,1
1492742411374,386,HTTP Request,200,OK,Thread Group 1-1,text,true,,378,207,1,24,386,0,2
1492742411384,387,HTTP Request,200,OK,Thread Group 14-1,text,true,,378,208,1,24,387,0,1
1492742411389,387,HTTP Request,200,OK,Thread Group 19-1,text,true,,378,208,1,24,387,0,0
1492742411405,385,HTTP Request,200,OK,Thread Group 15-1,text,true,,378,208,1,24,385,0,0
1492742411414,389,HTTP Request,200,OK,Thread Group 9-1,text,true,,378,207,1,24,389,0,0
1492742411444,377,HTTP Request,200,OK,Thread Group 8-1,text,true,,378,207,1,24,377,0,1
1492742411480,380,HTTP Request,200,OK,Thread Group 22-1,text,true,,378,208,1,23,380,0,1
1492742411496,382,HTTP Request,200,OK,Thread Group 13-1,text,true,,378,208,1,23,382,0,0
1492742411530,382,HTTP Request,200,OK,Thread Group 3-1,text,true,,378,207,1,23,382,0,0
1492742411568,376,HTTP Request,200,OK,Thread Group 24-1,text,true,,378,208,1,23,376,0,1
1492742411571,380,HTTP Request,200,OK,Thread Group 12-1,text,true,,378,208,1,23,380,0,1
1492742411610,374,HTTP Request,200,OK,Thread Group 20-1,text,true,,378,208,1,23,374,0,1
1492742411629,382,HTTP Request,200,OK,Thread Group 5-1,text,true,,378,207,1,23,382,0,1
1492742411638,383,HTTP Request,200,OK,Thread Group 18-1,text,true,,378,208,1,23,383,0,0
1492742411653,376,HTTP Request,200,OK,Thread Group 4-1,text,true,,378,207,1,23,376,0,0
1492742411663,372,HTTP Request,200,OK,Thread Group 26-1,text,true,,378,208,1,23,372,0,1
1492742411668,378,HTTP Request,200,OK,Thread Group 23-1,text,true,,378,208,1,23,378,0,0
1492742411681,381,HTTP Request,200,OK,Thread Group 6-1,text,true,,378,207,1,23,381,0,0
1492742411701,378,HTTP Request,200,OK,Thread Group 25-1,text,true,,378,208,1,23,378,0,1
1492742411704,379,HTTP Request,200,OK,Thread Group 21-1,text,true,,378,208,1,23,379,0,1
1492742411711,378,HTTP Request,200,OK,Thread Group 27-1,text,true,,378,208,1,23,378,0,0
1492742411731,374,HTTP Request,200,OK,Thread Group 17-1,text,true,,378,208,1,23,374,0,0
1492742411728,387,HTTP Request,200,OK,Thread Group 7-1,text,true,,378,207,1,23,387,0,3
1492742411737,383,HTTP Request,200,OK,Thread Group 2-1,text,true,,378,207,1,23,383,0,1
1492742411761,384,HTTP Request,200,OK,Thread Group 1-1,text,true,,378,207,1,23,384,0,0
1492742411771,379,HTTP Request,200,OK,Thread Group 14-1,text,true,,378,208,1,23,379,0,1
1492742411776,381,HTTP Request,200,OK,Thread Group 19-1,text,true,,378,208,1,23,381,0,0
1492742411790,381,HTTP Request,200,OK,Thread Group 15-1,text,true,,378,208,1,23,381,0,1
1492742411803,381,HTTP Request,200,OK,Thread Group 9-1,text,true,,378,207,1,23,381,0,0
1492742411860,374,HTTP Request,200,OK,Thread Group 22-1,text,true,,378,208,1,23,374,0,1
1492742411878,370,HTTP Request,200,OK,Thread Group 13-1,text,true,,378,208,1,23,370,0,1
1492742411912,373,HTTP Request,200,OK,Thread Group 3-1,text,true,,378,207,1,22,373,0,0
1492742411944,375,HTTP Request,200,OK,Thread Group 24-1,text,true,,378,208,1,22,375,0,1
1492742411951,380,HTTP Request,200,OK,Thread Group 12-1,text,true,,378,208,1,22,380,0,1
1492742411984,387,HTTP Request,200,OK,Thread Group 20-1,text,true,,378,208,1,22,387,0,0
1492742412011,389,HTTP Request,200,OK,Thread Group 5-1,text,true,,378,207,1,22,388,0,1
1492742412022,384,HTTP Request,200,OK,Thread Group 18-1,text,true,,378,208,1,22,383,0,1
1492742412029,383,HTTP Request,200,OK,Thread Group 4-1,text,true,,378,207,1,22,383,0,1
1492742412035,387,HTTP Request,200,OK,Thread Group 26-1,text,true,,378,208,1,22,387,0,0
1492742412046,378,HTTP Request,200,OK,Thread Group 23-1,text,true,,378,208,1,22,378,0,1
1492742412062,378,HTTP Request,200,OK,Thread Group 6-1,text,true,,378,207,1,22,378,0,1
1492742412079,372,HTTP Request,200,OK,Thread Group 25-1,text,true,,378,208,1,22,372,0,1
1492742412083,373,HTTP Request,200,OK,Thread Group 21-1,text,true,,378,208,1,22,373,0,0
1492742412090,371,HTTP Request,200,OK,Thread Group 27-1,text,true,,378,208,1,22,371,0,0
1492742412105,380,HTTP Request,200,OK,Thread Group 17-1,text,true,,378,208,1,22,380,0,0
1492742412115,376,HTTP Request,200,OK,Thread Group 7-1,text,true,,378,207,1,22,376,0,1
1492742412120,379,HTTP Request,200,OK,Thread Group 2-1,text,true,,378,207,1,22,379,0,1
1492742412145,377,HTTP Request,200,OK,Thread Group 1-1,text,true,,378,207,1,22,377,0,1
1492742412150,381,HTTP Request,200,OK,Thread Group 14-1,text,true,,378,208,1,22,381,0,0
1492742412157,381,HTTP Request,200,OK,Thread Group 19-1,text,true,,378,208,1,22,381,0,1
1492742412172,385,HTTP Request,200,OK,Thread Group 15-1,text,true,,378,208,1,22,385,0,0
1492742412184,376,HTTP Request,200,OK,Thread Group 9-1,text,true,,378,207,1,22,376,0,1
1492742412234,376,HTTP Request,200,OK,Thread Group 22-1,text,true,,378,208,1,22,376,0,0
1492742412286,369,HTTP Request,200,OK,Thread Group 3-1,text,true,,378,207,1,22,369,0,0
1492742412320,377,HTTP Request,200,OK,Thread Group 24-1,text,true,,378,208,1,22,377,0,0
1492742412331,375,HTTP Request,200,OK,Thread Group 12-1,text,true,,378,208,1,22,375,0,1
1492742412372,374,HTTP Request,200,OK,Thread Group 20-1,text,true,,378,208,1,22,374,0,0
1492742412400,374,HTTP Request,200,OK,Thread Group 5-1,text,true,,378,207,1,22,374,0,0
1492742412406,373,HTTP Request,200,OK,Thread Group 18-1,text,true,,378,208,1,22,373,0,0
1492742412412,373,HTTP Request,200,OK,Thread Group 4-1,text,true,,378,207,1,22,373,0,0
1492742412422,374,HTTP Request,200,OK,Thread Group 26-1,text,true,,378,208,1,22,374,0,0
1492742412424,377,HTTP Request,200,OK,Thread Group 23-1,text,true,,378,208,1,22,377,0,0
1492742412440,378,HTTP Request,200,OK,Thread Group 6-1,text,true,,378,207,1,22,378,0,1
1492742412451,373,HTTP Request,200,OK,Thread Group 25-1,text,true,,378,208,1,22,373,0,0
1492742412456,376,HTTP Request,200,OK,Thread Group 21-1,text,true,,378,208,1,22,376,0,0
1492742412461,380,HTTP Request,200,OK,Thread Group 27-1,text,true,,378,208,1,22,380,0,1
1492742412485,370,HTTP Request,200,OK,Thread Group 17-1,text,true,,378,208,1,22,370,0,1
1492742412491,368,HTTP Request,200,OK,Thread Group 7-1,text,true,,378,207,1,22,368,0,0
1492742412499,370,HTTP Request,200,OK,Thread Group 2-1,text,true,,378,207,1,22,370,0,1
1492742412523,371,HTTP Request,200,OK,Thread Group 1-1,text,true,,378,207,1,22,371,0,0
1492742412531,371,HTTP Request,200,OK,Thread Group 14-1,text,true,,378,208,1,22,370,0,1
1492742412538,369,HTTP Request,200,OK,Thread Group 19-1,text,true,,378,208,1,22,369,0,1
1492742412557,367,HTTP Request,200,OK,Thread Group 15-1,text,true,,378,208,1,22,367,0,1
1492742412560,372,HTTP Request,200,OK,Thread Group 9-1,text,true,,378,207,1,22,372,0,0
1492742412610,376,HTTP Request,200,OK,Thread Group 22-1,text,true,,378,208,1,22,376,0,1
1492742412655,378,HTTP Request,200,OK,Thread Group 3-1,text,true,,378,207,1,22,378,0,1
1492742412697,369,HTTP Request,200,OK,Thread Group 24-1,text,true,,378,208,1,22,368,0,0
1492742412707,371,HTTP Request,200,OK,Thread Group 12-1,text,true,,378,208,1,22,371,0,0
1492742412746,364,HTTP Request,200,OK,Thread Group 20-1,text,true,,378,208,1,22,364,0,1
1492742412774,363,HTTP Request,200,OK,Thread Group 5-1,text,true,,378,207,1,22,363,0,1
1492742412779,367,HTTP Request,200,OK,Thread Group 18-1,text,true,,378,208,1,22,367,0,0
1492742412785,368,HTTP Request,200,OK,Thread Group 4-1,text,true,,378,207,1,22,368,0,0
1492742412796,366,HTTP Request,200,OK,Thread Group 26-1,text,true,,378,208,1,22,366,0,1
1492742412802,367,HTTP Request,200,OK,Thread Group 23-1,text,true,,378,208,1,22,367,0,1
1492742412818,371,HTTP Request,200,OK,Thread Group 6-1,text,true,,378,207,1,22,371,0,1
1492742412824,369,HTTP Request,200,OK,Thread Group 25-1,text,true,,378,208,1,22,369,0,0
1492742412832,370,HTTP Request,200,OK,Thread Group 21-1,text,true,,378,208,1,22,370,0,0
1492742412841,367,HTTP Request,200,OK,Thread Group 27-1,text,true,,378,208,1,21,367,0,0
1492742412856,368,HTTP Request,200,OK,Thread Group 17-1,text,true,,378,208,1,21,368,0,0
1492742412859,369,HTTP Request,200,OK,Thread Group 7-1,text,true,,378,207,1,21,369,0,1
1492742412870,367,HTTP Request,200,OK,Thread Group 2-1,text,true,,378,207,1,21,367,0,0
1492742412894,367,HTTP Request,200,OK,Thread Group 1-1,text,true,,378,207,1,21,367,0,1
1492742412902,367,HTTP Request,200,OK,Thread Group 14-1,text,true,,378,208,1,21,367,0,0
1492742412907,366,HTTP Request,200,OK,Thread Group 19-1,text,true,,378,208,1,21,366,0,1
1492742412924,368,HTTP Request,200,OK,Thread Group 15-1,text,true,,378,208,1,21,368,0,1
1492742412933,364,HTTP Request,200,OK,Thread Group 9-1,text,true,,378,207,1,21,364,0,0
1492742412986,362,HTTP Request,200,OK,Thread Group 22-1,text,true,,378,208,1,21,362,0,1
1492742413033,353,HTTP Request,200,OK,Thread Group 3-1,text,true,,378,207,1,21,353,0,0
1492742413066,352,HTTP Request,200,OK,Thread Group 24-1,text,true,,378,208,1,21,352,0,0
1492742413078,346,HTTP Request,200,OK,Thread Group 12-1,text,true,,378,208,1,21,346,0,1
1492742413110,381,HTTP Request,200,OK,Thread Group 20-1,text,true,,378,208,1,21,381,0,1
1492742413138,383,HTTP Request,200,OK,Thread Group 5-1,text,true,,378,207,1,21,383,0,2
1492742413146,380,HTTP Request,200,OK,Thread Group 18-1,text,true,,378,208,1,21,380,0,0
1492742413153,382,HTTP Request,200,OK,Thread Group 4-1,text,true,,378,207,1,21,382,0,1
1492742413162,378,HTTP Request,200,OK,Thread Group 26-1,text,true,,378,208,1,21,378,0,1
1492742413170,379,HTTP Request,200,OK,Thread Group 23-1,text,true,,378,208,1,21,379,0,0
1492742413189,376,HTTP Request,200,OK,Thread Group 6-1,text,true,,378,207,1,21,376,0,0
1492742413193,376,HTTP Request,200,OK,Thread Group 25-1,text,true,,378,208,1,20,376,0,1
1492742413209,369,HTTP Request,200,OK,Thread Group 27-1,text,true,,378,208,1,20,369,0,0
1492742413224,372,HTTP Request,200,OK,Thread Group 17-1,text,true,,378,208,1,19,372,0,1
1492742413228,373,HTTP Request,200,OK,Thread Group 7-1,text,true,,378,207,1,19,373,0,1
1492742413237,372,HTTP Request,200,OK,Thread Group 2-1,text,true,,378,207,1,19,372,0,0
1492742413261,372,HTTP Request,200,OK,Thread Group 1-1,text,true,,378,207,1,19,372,0,1
1492742413269,374,HTTP Request,200,OK,Thread Group 14-1,text,true,,378,208,1,19,374,0,0
1492742413273,385,HTTP Request,200,OK,Thread Group 19-1,text,true,,378,208,1,19,384,0,1
1492742413292,371,HTTP Request,200,OK,Thread Group 15-1,text,true,,378,208,1,19,371,0,1
1492742413297,374,HTTP Request,200,OK,Thread Group 9-1,text,true,,378,207,1,19,374,0,0
1492742413349,375,HTTP Request,200,OK,Thread Group 22-1,text,true,,378,208,1,19,375,0,0
1492742413386,352,HTTP Request,200,OK,Thread Group 3-1,text,true,,378,207,1,19,352,0,0
1492742413418,354,HTTP Request,200,OK,Thread Group 24-1,text,true,,378,208,1,19,354,0,0
1492742413424,353,HTTP Request,200,OK,Thread Group 12-1,text,true,,378,208,1,19,353,0,1
1492742413491,315,HTTP Request,200,OK,Thread Group 20-1,text,true,,378,208,1,19,315,0,1
1492742413522,318,HTTP Request,200,OK,Thread Group 5-1,text,true,,378,207,1,19,318,0,0
1492742413526,318,HTTP Request,200,OK,Thread Group 18-1,text,true,,378,208,1,19,318,0,1
1492742413536,317,HTTP Request,200,OK,Thread Group 4-1,text,true,,378,207,1,19,317,0,0
1492742413540,318,HTTP Request,200,OK,Thread Group 26-1,text,true,,378,208,1,19,318,0,0
1492742413549,318,HTTP Request,200,OK,Thread Group 23-1,text,true,,378,208,1,19,318,0,3
1492742413569,313,HTTP Request,200,OK,Thread Group 25-1,text,true,,378,208,1,19,313,0,1
1492742413596,302,HTTP Request,200,OK,Thread Group 17-1,text,true,,378,208,1,19,302,0,1
1492742413601,306,HTTP Request,200,OK,Thread Group 7-1,text,true,,378,207,1,19,306,0,0
1492742413609,302,HTTP Request,200,OK,Thread Group 2-1,text,true,,378,207,1,19,302,0,0
1492742413633,305,HTTP Request,200,OK,Thread Group 1-1,text,true,,378,207,1,19,305,0,1
1492742413643,301,HTTP Request,200,OK,Thread Group 14-1,text,true,,378,208,1,19,300,0,1
1492742413658,299,HTTP Request,200,OK,Thread Group 19-1,text,true,,378,208,1,19,299,0,0
1492742413663,307,HTTP Request,200,OK,Thread Group 15-1,text,true,,378,208,1,19,306,0,1
1492742413672,304,HTTP Request,200,OK,Thread Group 9-1,text,true,,378,207,1,19,304,0,0
1492742413724,307,HTTP Request,200,OK,Thread Group 22-1,text,true,,378,208,1,19,307,0,1
1492742413738,308,HTTP Request,200,OK,Thread Group 3-1,text,true,,378,207,1,19,308,0,0
1492742413772,307,HTTP Request,200,OK,Thread Group 24-1,text,true,,378,208,1,19,307,0,1
1492742413777,313,HTTP Request,200,OK,Thread Group 12-1,text,true,,378,208,1,19,313,0,0
1492742413806,308,HTTP Request,200,OK,Thread Group 20-1,text,true,,378,208,1,19,308,0,0
1492742413840,309,HTTP Request,200,OK,Thread Group 5-1,text,true,,378,207,1,19,309,0,1
1492742413844,313,HTTP Request,200,OK,Thread Group 18-1,text,true,,378,208,1,19,313,0,0
1492742413853,313,HTTP Request,200,OK,Thread Group 4-1,text,true,,378,207,1,19,313,0,1
1492742413858,317,HTTP Request,200,OK,Thread Group 26-1,text,true,,378,208,1,18,317,0,2
1492742413868,309,HTTP Request,200,OK,Thread Group 23-1,text,true,,378,208,1,18,309,0,0
1492742413882,316,HTTP Request,200,OK,Thread Group 25-1,text,true,,378,208,1,18,316,0,3
1492742413898,315,HTTP Request,200,OK,Thread Group 17-1,text,true,,378,208,1,18,315,0,0
1492742413907,311,HTTP Request,200,OK,Thread Group 7-1,text,true,,378,207,1,18,311,0,1
1492742413911,317,HTTP Request,200,OK,Thread Group 2-1,text,true,,378,207,1,18,317,0,1
1492742413938,312,HTTP Request,200,OK,Thread Group 1-1,text,true,,378,207,1,18,311,0,0
1492742413944,316,HTTP Request,200,OK,Thread Group 14-1,text,true,,378,208,1,18,316,0,0
1492742413957,317,HTTP Request,200,OK,Thread Group 19-1,text,true,,378,208,1,18,317,0,1
1492742413970,314,HTTP Request,200,OK,Thread Group 15-1,text,true,,378,208,1,18,314,0,0
1492742413976,314,HTTP Request,200,OK,Thread Group 9-1,text,true,,378,207,1,18,314,0,0
1492742414031,302,HTTP Request,200,OK,Thread Group 22-1,text,true,,378,208,1,18,302,0,1
1492742414046,310,HTTP Request,200,OK,Thread Group 3-1,text,true,,378,207,1,18,310,0,1
1492742414080,305,HTTP Request,200,OK,Thread Group 24-1,text,true,,378,208,1,18,305,0,0
1492742414090,306,HTTP Request,200,OK,Thread Group 12-1,text,true,,378,208,1,17,306,0,0
1492742414114,304,HTTP Request,200,OK,Thread Group 20-1,text,true,,378,208,1,17,304,0,0
1492742414149,308,HTTP Request,200,OK,Thread Group 5-1,text,true,,378,207,1,17,308,0,1
1492742414158,310,HTTP Request,200,OK,Thread Group 18-1,text,true,,378,208,1,17,310,0,0
1492742414175,297,HTTP Request,200,OK,Thread Group 26-1,text,true,,378,208,1,17,297,0,1
1492742414178,308,HTTP Request,200,OK,Thread Group 23-1,text,true,,378,208,1,17,308,0,0
1492742414198,302,HTTP Request,200,OK,Thread Group 25-1,text,true,,378,208,1,17,302,0,1
1492742414214,308,HTTP Request,200,OK,Thread Group 17-1,text,true,,378,208,1,17,308,0,0
1492742414218,311,HTTP Request,200,OK,Thread Group 7-1,text,true,,378,207,1,17,311,0,1
1492742414228,311,HTTP Request,200,OK,Thread Group 2-1,text,true,,378,207,1,17,311,0,1
1492742414250,304,HTTP Request,200,OK,Thread Group 1-1,text,true,,378,207,1,16,304,0,0
1492742414260,302,HTTP Request,200,OK,Thread Group 14-1,text,true,,378,208,1,16,302,0,0
1492742414274,304,HTTP Request,200,OK,Thread Group 19-1,text,true,,378,208,1,16,304,0,1
1492742414285,298,HTTP Request,200,OK,Thread Group 15-1,text,true,,378,208,1,16,298,0,0
1492742414291,302,HTTP Request,200,OK,Thread Group 9-1,text,true,,378,207,1,16,302,0,0
1492742414333,304,HTTP Request,200,OK,Thread Group 22-1,text,true,,378,208,1,16,304,0,1
1492742414356,298,HTTP Request,200,OK,Thread Group 3-1,text,true,,378,207,1,16,298,0,1
1492742414397,280,HTTP Request,200,OK,Thread Group 12-1,text,true,,378,208,1,16,280,0,0
1492742414418,286,HTTP Request,200,OK,Thread Group 20-1,text,true,,378,208,1,16,286,0,1
1492742414457,276,HTTP Request,200,OK,Thread Group 5-1,text,true,,378,207,1,16,276,0,1
1492742414468,275,HTTP Request,200,OK,Thread Group 18-1,text,true,,378,208,1,16,275,0,1
1492742414472,275,HTTP Request,200,OK,Thread Group 26-1,text,true,,378,208,1,16,275,0,1
1492742414486,270,HTTP Request,200,OK,Thread Group 23-1,text,true,,378,208,1,16,270,0,0
1492742414500,272,HTTP Request,200,OK,Thread Group 25-1,text,true,,378,208,1,16,272,0,1
1492742414522,266,HTTP Request,200,OK,Thread Group 17-1,text,true,,378,208,1,16,266,0,0
1492742414529,262,HTTP Request,200,OK,Thread Group 7-1,text,true,,378,207,1,16,262,0,1
1492742414554,252,HTTP Request,200,OK,Thread Group 1-1,text,true,,378,207,1,16,252,0,0
1492742414562,254,HTTP Request,200,OK,Thread Group 14-1,text,true,,378,208,1,16,254,0,0
1492742414581,249,HTTP Request,200,OK,Thread Group 19-1,text,true,,378,208,1,16,249,0,0
1492742414583,253,HTTP Request,200,OK,Thread Group 15-1,text,true,,378,208,1,16,253,0,0
1492742414593,252,HTTP Request,200,OK,Thread Group 9-1,text,true,,378,207,1,16,252,0,0
1492742414637,251,HTTP Request,200,OK,Thread Group 22-1,text,true,,378,208,1,16,251,0,1
1492742414654,247,HTTP Request,200,OK,Thread Group 3-1,text,true,,378,207,1,15,247,0,0
1492742414677,253,HTTP Request,200,OK,Thread Group 12-1,text,true,,378,208,1,15,252,0,0
1492742414704,244,HTTP Request,200,OK,Thread Group 20-1,text,true,,378,208,1,15,244,0,1
1492742414733,247,HTTP Request,200,OK,Thread Group 5-1,text,true,,378,207,1,15,247,0,0
1492742414744,246,HTTP Request,200,OK,Thread Group 18-1,text,true,,378,208,1,15,246,0,0
1492742414748,250,HTTP Request,200,OK,Thread Group 26-1,text,true,,378,208,1,15,250,0,0
1492742414757,246,HTTP Request,200,OK,Thread Group 23-1,text,true,,378,208,1,15,246,0,0
1492742414772,238,HTTP Request,200,OK,Thread Group 25-1,text,true,,378,208,1,15,238,0,1
1492742414788,239,HTTP Request,200,OK,Thread Group 17-1,text,true,,378,208,1,14,239,0,0
1492742414792,239,HTTP Request,200,OK,Thread Group 7-1,text,true,,378,207,1,14,239,0,0
1492742414807,239,HTTP Request,200,OK,Thread Group 1-1,text,true,,378,207,1,14,239,0,0
1492742414816,241,HTTP Request,200,OK,Thread Group 14-1,text,true,,378,208,1,14,240,0,1
1492742414830,242,HTTP Request,200,OK,Thread Group 19-1,text,true,,378,208,1,14,242,0,0
1492742414836,241,HTTP Request,200,OK,Thread Group 15-1,text,true,,378,208,1,14,241,0,0
1492742414845,241,HTTP Request,200,OK,Thread Group 9-1,text,true,,378,207,1,14,241,0,0
1492742414901,228,HTTP Request,200,OK,Thread Group 3-1,text,true,,378,207,1,14,228,0,3
1492742414930,221,HTTP Request,200,OK,Thread Group 12-1,text,true,,378,208,1,14,221,0,0
1492742414948,247,HTTP Request,200,OK,Thread Group 20-1,text,true,,378,208,1,14,247,0,1
1492742414980,245,HTTP Request,200,OK,Thread Group 5-1,text,true,,378,207,1,14,245,0,1
1492742414990,240,HTTP Request,200,OK,Thread Group 18-1,text,true,,378,208,1,14,240,0,1
1492742414999,237,HTTP Request,200,OK,Thread Group 26-1,text,true,,378,208,1,14,237,0,0
1492742415003,252,HTTP Request,200,OK,Thread Group 23-1,text,true,,378,208,1,13,252,0,0
1492742415027,244,HTTP Request,200,OK,Thread Group 17-1,text,true,,378,208,1,13,244,0,0
1492742415032,244,HTTP Request,200,OK,Thread Group 7-1,text,true,,378,207,1,13,244,0,0
1492742415047,247,HTTP Request,200,OK,Thread Group 1-1,text,true,,378,207,1,13,247,0,0
1492742415057,243,HTTP Request,200,OK,Thread Group 14-1,text,true,,378,208,1,13,243,0,0
1492742415077,230,HTTP Request,200,OK,Thread Group 15-1,text,true,,378,208,1,13,230,0,1
1492742415073,250,HTTP Request,200,OK,Thread Group 19-1,text,true,,378,208,1,13,250,0,0
1492742415086,242,HTTP Request,200,OK,Thread Group 9-1,text,true,,378,207,1,13,242,0,0
1492742415129,226,HTTP Request,200,OK,Thread Group 3-1,text,true,,378,207,1,12,226,0,0
1492742415151,237,HTTP Request,200,OK,Thread Group 12-1,text,true,,378,208,1,12,237,0,1
1492742415195,208,HTTP Request,200,OK,Thread Group 20-1,text,true,,378,208,1,12,208,0,1
1492742415226,211,HTTP Request,200,OK,Thread Group 5-1,text,true,,378,207,1,12,210,0,0
1492742415230,211,HTTP Request,200,OK,Thread Group 18-1,text,true,,378,208,1,12,211,0,1
1492742415255,195,HTTP Request,200,OK,Thread Group 23-1,text,true,,378,208,1,12,195,0,1
1492742415276,190,HTTP Request,200,OK,Thread Group 7-1,text,true,,378,207,1,12,190,0,0
1492742415271,203,HTTP Request,200,OK,Thread Group 17-1,text,true,,378,208,1,12,203,0,0
1492742415294,186,HTTP Request,200,OK,Thread Group 1-1,text,true,,378,207,1,12,186,0,0
1492742415301,199,HTTP Request,200,OK,Thread Group 14-1,text,true,,378,208,1,12,199,0,0
1492742415307,203,HTTP Request,200,OK,Thread Group 15-1,text,true,,378,208,1,12,203,0,0
1492742415324,203,HTTP Request,200,OK,Thread Group 19-1,text,true,,378,208,1,12,203,0,4
1492742415355,208,HTTP Request,200,OK,Thread Group 3-1,text,true,,378,207,1,12,208,0,1
1492742415388,213,HTTP Request,200,OK,Thread Group 12-1,text,true,,378,208,1,12,213,0,1
1492742415403,226,HTTP Request,200,OK,Thread Group 20-1,text,true,,378,208,1,12,225,0,0
1492742415437,211,HTTP Request,200,OK,Thread Group 5-1,text,true,,378,207,1,12,211,0,0
1492742415442,210,HTTP Request,200,OK,Thread Group 18-1,text,true,,378,208,1,12,210,0,0
1492742415450,212,HTTP Request,200,OK,Thread Group 23-1,text,true,,378,208,1,12,212,0,0
1492742415466,211,HTTP Request,200,OK,Thread Group 7-1,text,true,,378,207,1,12,211,0,0
1492742415474,207,HTTP Request,200,OK,Thread Group 17-1,text,true,,378,208,1,12,207,0,0
1492742415480,209,HTTP Request,200,OK,Thread Group 1-1,text,true,,378,207,1,12,209,0,0
1492742415500,204,HTTP Request,200,OK,Thread Group 14-1,text,true,,378,208,1,12,204,0,0
1492742415510,202,HTTP Request,200,OK,Thread Group 15-1,text,true,,378,208,1,11,202,0,0
1492742415527,199,HTTP Request,200,OK,Thread Group 19-1,text,true,,378,208,1,11,199,0,1
1492742415563,198,HTTP Request,200,OK,Thread Group 3-1,text,true,,378,207,1,11,198,0,1
1492742415601,192,HTTP Request,200,OK,Thread Group 12-1,text,true,,378,208,1,11,192,0,1
1492742415629,176,HTTP Request,200,OK,Thread Group 20-1,text,true,,378,208,1,11,176,0,0
1492742415648,172,HTTP Request,200,OK,Thread Group 5-1,text,true,,378,207,1,11,172,0,1
1492742415652,181,HTTP Request,200,OK,Thread Group 18-1,text,true,,378,208,1,11,181,0,0
1492742415662,178,HTTP Request,200,OK,Thread Group 23-1,text,true,,378,208,1,11,178,0,1
1492742415677,175,HTTP Request,200,OK,Thread Group 7-1,text,true,,378,207,1,11,175,0,1
1492742415682,177,HTTP Request,200,OK,Thread Group 17-1,text,true,,378,208,1,11,177,0,0
1492742415690,175,HTTP Request,200,OK,Thread Group 1-1,text,true,,378,207,1,11,175,0,0
1492742415712,167,HTTP Request,200,OK,Thread Group 15-1,text,true,,378,208,1,11,167,0,0
1492742415726,174,HTTP Request,200,OK,Thread Group 19-1,text,true,,378,208,1,11,174,0,0
1492742415761,177,HTTP Request,200,OK,Thread Group 3-1,text,true,,378,207,1,11,177,0,1
1492742415793,177,HTTP Request,200,OK,Thread Group 12-1,text,true,,378,208,1,11,177,0,1
1492742415805,181,HTTP Request,200,OK,Thread Group 20-1,text,true,,378,208,1,11,181,0,1
1492742415821,182,HTTP Request,200,OK,Thread Group 5-1,text,true,,378,207,1,10,182,0,0
1492742415833,177,HTTP Request,200,OK,Thread Group 18-1,text,true,,378,208,1,10,177,0,0
1492742415841,177,HTTP Request,200,OK,Thread Group 23-1,text,true,,378,208,1,9,177,0,0
1492742415852,184,HTTP Request,200,OK,Thread Group 7-1,text,true,,378,207,1,9,184,0,0
1492742415859,179,HTTP Request,200,OK,Thread Group 17-1,text,true,,378,208,1,8,179,0,1
1492742415866,180,HTTP Request,200,OK,Thread Group 1-1,text,true,,378,207,1,7,180,0,0
1492742415880,180,HTTP Request,200,OK,Thread Group 15-1,text,true,,378,208,1,7,180,0,0
1492742415901,169,HTTP Request,200,OK,Thread Group 19-1,text,true,,378,208,1,7,169,0,3
1492742415938,156,HTTP Request,200,OK,Thread Group 3-1,text,true,,378,207,1,6,156,0,0
1492742415970,136,HTTP Request,200,OK,Thread Group 12-1,text,true,,378,208,1,5,135,0,1
1492742416003,119,HTTP Request,200,OK,Thread Group 5-1,text,true,,378,207,1,4,118,0,1
1492742416018,111,HTTP Request,200,OK,Thread Group 23-1,text,true,,378,208,1,3,111,0,0
1492742416046,89,HTTP Request,200,OK,Thread Group 1-1,text,true,,378,207,1,2,89,0,0
1492742416060,81,HTTP Request,200,OK,Thread Group 15-1,text,true,,378,208,1,1,81,0,1
1492742416141,26,HTTP Request,200,OK,Thread Group 15-1,text,true,,378,208,1,1,26,0,1
1492742416168,24,HTTP Request,200,OK,Thread Group 15-1,text,true,,378,208,1,1,24,0,0
