1492727295335,1748,HTTP Request,Non HTTP response code: java.net.SocketTimeoutException,Non HTTP response message: Read timed out,Thread Group 5-1,text,false,2527,0
1492727295410,1673,HTTP Request,Non HTTP response code: java.net.SocketTimeoutException,Non HTTP response message: Read timed out,Thread Group 27-1,text,false,2527,0
1492727295476,1608,HTTP Request,Non HTTP response code: java.net.SocketTimeoutException,Non HTTP response message: Read timed out,Thread Group 13-1,text,false,2527,0
1492727295472,1613,HTTP Request,Non HTTP response code: java.net.SocketTimeoutException,Non HTTP response message: Read timed out,Thread Group 4-1,text,false,2527,0
1492727295335,1750,HTTP Request,Non HTTP response code: java.net.SocketTimeoutException,Non HTTP response message: Read timed out,Thread Group 6-1,text,false,2527,0
1492727295336,1750,HTTP Request,Non HTTP response code: java.net.SocketTimeoutException,Non HTTP response message: Read timed out,Thread Group 26-1,text,false,2527,0
1492727295473,1614,HTTP Request,Non HTTP response code: java.net.SocketTimeoutException,Non HTTP response message: Read timed out,Thread Group 3-1,text,false,2527,0
1492727295299,1788,HTTP Request,Non HTTP response code: java.net.SocketTimeoutException,Non HTTP response message: Read timed out,Thread Group 7-1,text,false,2527,0
1492727295417,1671,HTTP Request,Non HTTP response code: java.net.SocketTimeoutException,Non HTTP response message: Read timed out,Thread Group 15-1,text,false,2527,0
1492727295331,1757,HTTP Request,Non HTTP response code: java.net.SocketTimeoutException,Non HTTP response message: Read timed out,Thread Group 8-1,text,false,2527,0
1492727295418,1671,HTTP Request,Non HTTP response code: java.net.SocketTimeoutException,Non HTTP response message: Read timed out,Thread Group 18-1,text,false,2527,0
1492727295455,1634,HTTP Request,Non HTTP response code: java.net.SocketTimeoutException,Non HTTP response message: Read timed out,Thread Group 25-1,text,false,2527,0
1492727295472,1618,HTTP Request,Non HTTP response code: java.net.SocketTimeoutException,Non HTTP response message: Read timed out,Thread Group 11-1,text,false,2527,0
1492727295438,1653,HTTP Request,Non HTTP response code: java.net.SocketTimeoutException,Non HTTP response message: Read timed out,Thread Group 24-1,text,false,2527,0
1492727295457,1634,HTTP Request,Non HTTP response code: java.net.SocketTimeoutException,Non HTTP response message: Read timed out,Thread Group 1-1,text,false,2527,0
1492727295419,1673,HTTP Request,Non HTTP response code: java.net.SocketTimeoutException,Non HTTP response message: Read timed out,Thread Group 16-1,text,false,2527,0
1492727295460,1632,HTTP Request,Non HTTP response code: java.net.SocketTimeoutException,Non HTTP response message: Read timed out,Thread Group 10-1,text,false,2527,0
1492727295421,1672,HTTP Request,Non HTTP response code: java.net.SocketTimeoutException,Non HTTP response message: Read timed out,Thread Group 21-1,text,false,2527,0
1492727295301,1792,HTTP Request,Non HTTP response code: java.net.SocketTimeoutException,Non HTTP response message: Read timed out,Thread Group 2-1,text,false,2527,0
1492727295436,1658,HTTP Request,Non HTTP response code: java.net.SocketTimeoutException,Non HTTP response message: Read timed out,Thread Group 23-1,text,false,2527,0
1492727295331,1759,HTTP Request,Non HTTP response code: java.net.SocketTimeoutException,Non HTTP response message: Read timed out,Thread Group 29-1,text,false,2527,0
1492727295418,1664,HTTP Request,Non HTTP response code: java.net.SocketTimeoutException,Non HTTP response message: Read timed out,Thread Group 28-1,text,false,2527,0
1492727295422,1672,HTTP Request,Non HTTP response code: java.net.SocketTimeoutException,Non HTTP response message: Read timed out,Thread Group 19-1,text,false,2527,0
1492727295406,1693,HTTP Request,Non HTTP response code: java.net.SocketTimeoutException,Non HTTP response message: Read timed out,Thread Group 12-1,text,false,2527,0
1492727295397,1682,HTTP Request,Non HTTP response code: java.net.SocketTimeoutException,Non HTTP response message: Read timed out,Thread Group 17-1,text,false,2527,0
1492727295342,1753,HTTP Request,Non HTTP response code: java.net.SocketTimeoutException,Non HTTP response message: Read timed out,Thread Group 20-1,text,false,2527,0
1492727295301,1785,HTTP Request,Non HTTP response code: java.net.SocketTimeoutException,Non HTTP response message: Read timed out,Thread Group 9-1,text,false,2527,0
1492727295477,1603,HTTP Request,Non HTTP response code: java.net.SocketTimeoutException,Non HTTP response message: Read timed out,Thread Group 22-1,text,false,2527,0
1492727295409,1686,HTTP Request,Non HTTP response code: java.net.SocketTimeoutException,Non HTTP response message: Read timed out,Thread Group 14-1,text,false,2527,0
1492727297130,163,HTTP Request,200,OK,Thread Group 29-1,text,true,378,163
1492727297295,282,HTTP Request,200,OK,Thread Group 29-1,text,true,378,282
1492727297129,564,HTTP Request,200,OK,Thread Group 16-1,text,true,378,564
1492727297125,1132,HTTP Request,200,OK,Thread Group 7-1,text,true,378,1132
1492727297581,757,HTTP Request,200,OK,Thread Group 29-1,text,true,378,757
1492727297694,770,HTTP Request,200,OK,Thread Group 16-1,text,true,378,770
1492727297132,1504,HTTP Request,Non HTTP response code: java.net.SocketTimeoutException,Non HTTP response message: Read timed out,Thread Group 17-1,text,false,2527,0
1492727297127,1510,HTTP Request,Non HTTP response code: java.net.SocketTimeoutException,Non HTTP response message: Read timed out,Thread Group 25-1,text,false,2527,0
1492727297130,1508,HTTP Request,Non HTTP response code: java.net.SocketTimeoutException,Non HTTP response message: Read timed out,Thread Group 2-1,text,false,2527,0
1492727297129,1510,HTTP Request,Non HTTP response code: java.net.SocketTimeoutException,Non HTTP response message: Read timed out,Thread Group 10-1,text,false,2527,0
1492727297126,1513,HTTP Request,Non HTTP response code: java.net.SocketTimeoutException,Non HTTP response message: Read timed out,Thread Group 15-1,text,false,2527,0
1492727297133,1507,HTTP Request,Non HTTP response code: java.net.SocketTimeoutException,Non HTTP response message: Read timed out,Thread Group 22-1,text,false,2527,0
1492727297124,1516,HTTP Request,Non HTTP response code: java.net.SocketTimeoutException,Non HTTP response message: Read timed out,Thread Group 6-1,text,false,2527,0
1492727297128,1514,HTTP Request,Non HTTP response code: java.net.SocketTimeoutException,Non HTTP response message: Read timed out,Thread Group 1-1,text,false,2527,0
1492727297133,1510,HTTP Request,Non HTTP response code: java.net.SocketTimeoutException,Non HTTP response message: Read timed out,Thread Group 9-1,text,false,2527,0
1492727297124,1519,HTTP Request,Non HTTP response code: java.net.SocketTimeoutException,Non HTTP response message: Read timed out,Thread Group 26-1,text,false,2527,0
1492727297129,1515,HTTP Request,Non HTTP response code: java.net.SocketTimeoutException,Non HTTP response message: Read timed out,Thread Group 21-1,text,false,2527,0
1492727297125,1519,HTTP Request,Non HTTP response code: java.net.SocketTimeoutException,Non HTTP response message: Read timed out,Thread Group 3-1,text,false,2527,0
1492727297131,1514,HTTP Request,Non HTTP response code: java.net.SocketTimeoutException,Non HTTP response message: Read timed out,Thread Group 19-1,text,false,2527,0
1492727297127,1519,HTTP Request,Non HTTP response code: java.net.SocketTimeoutException,Non HTTP response message: Read timed out,Thread Group 11-1,text,false,2527,0
1492727297132,1514,HTTP Request,Non HTTP response code: java.net.SocketTimeoutException,Non HTTP response message: Read timed out,Thread Group 12-1,text,false,2527,0
1492727297124,1523,HTTP Request,Non HTTP response code: java.net.SocketTimeoutException,Non HTTP response message: Read timed out,Thread Group 4-1,text,false,2527,0
1492727297133,1514,HTTP Request,Non HTTP response code: java.net.SocketTimeoutException,Non HTTP response message: Read timed out,Thread Group 20-1,text,false,2527,0
1492727297126,1522,HTTP Request,Non HTTP response code: java.net.SocketTimeoutException,Non HTTP response message: Read timed out,Thread Group 18-1,text,false,2527,0
1492727297123,1526,HTTP Request,Non HTTP response code: java.net.SocketTimeoutException,Non HTTP response message: Read timed out,Thread Group 13-1,text,false,2527,0
1492727297126,1523,HTTP Request,Non HTTP response code: java.net.SocketTimeoutException,Non HTTP response message: Read timed out,Thread Group 8-1,text,false,2527,0
1492727297130,1512,HTTP Request,Non HTTP response code: java.net.SocketTimeoutException,Non HTTP response message: Read timed out,Thread Group 23-1,text,false,2527,0
1492727297131,1507,HTTP Request,Non HTTP response code: java.net.SocketTimeoutException,Non HTTP response message: Read timed out,Thread Group 28-1,text,false,2527,0
1492727297128,1522,HTTP Request,Non HTTP response code: java.net.SocketTimeoutException,Non HTTP response message: Read timed out,Thread Group 24-1,text,false,2527,0
1492727297123,1525,HTTP Request,Non HTTP response code: java.net.SocketTimeoutException,Non HTTP response message: Read timed out,Thread Group 27-1,text,false,2527,0
1492727297122,1529,HTTP Request,Non HTTP response code: java.net.SocketTimeoutException,Non HTTP response message: Read timed out,Thread Group 5-1,text,false,2527,0
1492727297140,1511,HTTP Request,Non HTTP response code: java.net.SocketTimeoutException,Non HTTP response message: Read timed out,Thread Group 14-1,text,false,2527,0
1492727298339,907,HTTP Request,200,OK,Thread Group 29-1,text,true,378,906
1492727298257,990,HTTP Request,200,OK,Thread Group 7-1,text,true,378,990
1492727298465,783,HTTP Request,200,OK,Thread Group 16-1,text,true,378,783
1492727298648,1021,HTTP Request,200,OK,Thread Group 18-1,text,true,378,1021
1492727298650,1510,HTTP Request,Non HTTP response code: java.net.SocketTimeoutException,Non HTTP response message: Read timed out,Thread Group 8-1,text,false,2527,0
1492727298640,1522,HTTP Request,Non HTTP response code: java.net.SocketTimeoutException,Non HTTP response message: Read timed out,Thread Group 22-1,text,false,2527,0
1492727298637,1526,HTTP Request,Non HTTP response code: java.net.SocketTimeoutException,Non HTTP response message: Read timed out,Thread Group 25-1,text,false,2527,0
1492727298638,1525,HTTP Request,Non HTTP response code: java.net.SocketTimeoutException,Non HTTP response message: Read timed out,Thread Group 2-1,text,false,2527,0
1492727298645,1519,HTTP Request,Non HTTP response code: java.net.SocketTimeoutException,Non HTTP response message: Read timed out,Thread Group 3-1,text,false,2527,0
1492727298646,1519,HTTP Request,Non HTTP response code: java.net.SocketTimeoutException,Non HTTP response message: Read timed out,Thread Group 11-1,text,false,2527,0
1492727298645,1520,HTTP Request,Non HTTP response code: java.net.SocketTimeoutException,Non HTTP response message: Read timed out,Thread Group 19-1,text,false,2527,0
1492727298640,1526,HTTP Request,Non HTTP response code: java.net.SocketTimeoutException,Non HTTP response message: Read timed out,Thread Group 15-1,text,false,2527,0
1492727298647,1520,HTTP Request,Non HTTP response code: java.net.SocketTimeoutException,Non HTTP response message: Read timed out,Thread Group 4-1,text,false,2527,0
1492727298639,1528,HTTP Request,Non HTTP response code: java.net.SocketTimeoutException,Non HTTP response message: Read timed out,Thread Group 10-1,text,false,2527,0
1492727298643,1525,HTTP Request,Non HTTP response code: java.net.SocketTimeoutException,Non HTTP response message: Read timed out,Thread Group 9-1,text,false,2527,0
1492727298657,1512,HTTP Request,Non HTTP response code: java.net.SocketTimeoutException,Non HTTP response message: Read timed out,Thread Group 12-1,text,false,2527,0
1492727298658,1511,HTTP Request,Non HTTP response code: java.net.SocketTimeoutException,Non HTTP response message: Read timed out,Thread Group 24-1,text,false,2527,0
1492727298657,1513,HTTP Request,Non HTTP response code: java.net.SocketTimeoutException,Non HTTP response message: Read timed out,Thread Group 28-1,text,false,2527,0
1492727298644,1527,HTTP Request,Non HTTP response code: java.net.SocketTimeoutException,Non HTTP response message: Read timed out,Thread Group 21-1,text,false,2527,0
1492727298642,1529,HTTP Request,Non HTTP response code: java.net.SocketTimeoutException,Non HTTP response message: Read timed out,Thread Group 1-1,text,false,2527,0
1492727298641,1531,HTTP Request,Non HTTP response code: java.net.SocketTimeoutException,Non HTTP response message: Read timed out,Thread Group 6-1,text,false,2527,0
1492727298648,1516,HTTP Request,Non HTTP response code: java.net.SocketTimeoutException,Non HTTP response message: Read timed out,Thread Group 20-1,text,false,2527,0
1492727298637,1531,HTTP Request,Non HTTP response code: java.net.SocketTimeoutException,Non HTTP response message: Read timed out,Thread Group 17-1,text,false,2527,0
1492727298671,1503,HTTP Request,Non HTTP response code: java.net.SocketTimeoutException,Non HTTP response message: Read timed out,Thread Group 5-1,text,false,2527,0
1492727298672,1503,HTTP Request,Non HTTP response code: java.net.SocketTimeoutException,Non HTTP response message: Read timed out,Thread Group 14-1,text,false,2527,0
1492727298671,1504,HTTP Request,Non HTTP response code: java.net.SocketTimeoutException,Non HTTP response message: Read timed out,Thread Group 27-1,text,false,2527,0
1492727298643,1523,HTTP Request,Non HTTP response code: java.net.SocketTimeoutException,Non HTTP response message: Read timed out,Thread Group 26-1,text,false,2527,0
1492727298657,1513,HTTP Request,Non HTTP response code: java.net.SocketTimeoutException,Non HTTP response message: Read timed out,Thread Group 23-1,text,false,2527,0
1492727298649,1513,HTTP Request,Non HTTP response code: java.net.SocketTimeoutException,Non HTTP response message: Read timed out,Thread Group 13-1,text,false,2527,0
1492727299248,1085,HTTP Request,200,OK,Thread Group 16-1,text,true,378,1085
1492727299248,1292,HTTP Request,200,OK,Thread Group 7-1,text,true,378,1292
1492727299246,1505,HTTP Request,Non HTTP response code: java.net.SocketTimeoutException,Non HTTP response message: Read timed out,Thread Group 29-1,text,false,2527,0
1492727299669,1432,HTTP Request,200,OK,Thread Group 18-1,text,true,378,1432
1492727300175,1504,HTTP Request,Non HTTP response code: java.net.SocketTimeoutException,Non HTTP response message: Read timed out,Thread Group 14-1,text,false,2527,0
1492727300175,1506,HTTP Request,Non HTTP response code: java.net.SocketTimeoutException,Non HTTP response message: Read timed out,Thread Group 27-1,text,false,2527,0
1492727300174,1507,HTTP Request,Non HTTP response code: java.net.SocketTimeoutException,Non HTTP response message: Read timed out,Thread Group 5-1,text,false,2527,0
1492727300174,1508,HTTP Request,Non HTTP response code: java.net.SocketTimeoutException,Non HTTP response message: Read timed out,Thread Group 17-1,text,false,2527,0
1492727300170,1513,HTTP Request,Non HTTP response code: java.net.SocketTimeoutException,Non HTTP response message: Read timed out,Thread Group 28-1,text,false,2527,0
1492727300176,1508,HTTP Request,Non HTTP response code: java.net.SocketTimeoutException,Non HTTP response message: Read timed out,Thread Group 26-1,text,false,2527,0
1492727300161,1536,HTTP Request,Non HTTP response code: java.net.SocketTimeoutException,Non HTTP response message: Read timed out,Thread Group 8-1,text,false,2527,0
1492727300172,1512,HTTP Request,Non HTTP response code: java.net.SocketTimeoutException,Non HTTP response message: Read timed out,Thread Group 6-1,text,false,2527,0
1492727300177,1507,HTTP Request,Non HTTP response code: java.net.SocketTimeoutException,Non HTTP response message: Read timed out,Thread Group 13-1,text,false,2527,0
1492727300176,1508,HTTP Request,Non HTTP response code: java.net.SocketTimeoutException,Non HTTP response message: Read timed out,Thread Group 23-1,text,false,2527,0
1492727300168,1516,HTTP Request,Non HTTP response code: java.net.SocketTimeoutException,Non HTTP response message: Read timed out,Thread Group 9-1,text,false,2527,0
1492727300164,1520,HTTP Request,Non HTTP response code: java.net.SocketTimeoutException,Non HTTP response message: Read timed out,Thread Group 3-1,text,false,2527,0
1492727300167,1517,HTTP Request,Non HTTP response code: java.net.SocketTimeoutException,Non HTTP response message: Read timed out,Thread Group 4-1,text,false,2527,0
1492727300166,1518,HTTP Request,Non HTTP response code: java.net.SocketTimeoutException,Non HTTP response message: Read timed out,Thread Group 15-1,text,false,2527,0
1492727300163,1538,HTTP Request,Non HTTP response code: java.net.SocketTimeoutException,Non HTTP response message: Read timed out,Thread Group 25-1,text,false,2527,0
1492727300169,1515,HTTP Request,Non HTTP response code: java.net.SocketTimeoutException,Non HTTP response message: Read timed out,Thread Group 12-1,text,false,2527,0
1492727300164,1520,HTTP Request,Non HTTP response code: java.net.SocketTimeoutException,Non HTTP response message: Read timed out,Thread Group 2-1,text,false,2527,0
1492727300169,1514,HTTP Request,Non HTTP response code: java.net.SocketTimeoutException,Non HTTP response message: Read timed out,Thread Group 24-1,text,false,2527,0
1492727300168,1515,HTTP Request,Non HTTP response code: java.net.SocketTimeoutException,Non HTTP response message: Read timed out,Thread Group 10-1,text,false,2527,0
1492727300166,1517,HTTP Request,Non HTTP response code: java.net.SocketTimeoutException,Non HTTP response message: Read timed out,Thread Group 19-1,text,false,2527,0
1492727300172,1511,HTTP Request,Non HTTP response code: java.net.SocketTimeoutException,Non HTTP response message: Read timed out,Thread Group 1-1,text,false,2527,0
1492727300162,1521,HTTP Request,Non HTTP response code: java.net.SocketTimeoutException,Non HTTP response message: Read timed out,Thread Group 22-1,text,false,2527,0
1492727300165,1518,HTTP Request,Non HTTP response code: java.net.SocketTimeoutException,Non HTTP response message: Read timed out,Thread Group 11-1,text,false,2527,0
1492727300171,1534,HTTP Request,Non HTTP response code: java.net.SocketTimeoutException,Non HTTP response message: Read timed out,Thread Group 21-1,text,false,2527,0
1492727300173,1510,HTTP Request,Non HTTP response code: java.net.SocketTimeoutException,Non HTTP response message: Read timed out,Thread Group 20-1,text,false,2527,0
1492727300333,1504,HTTP Request,Non HTTP response code: java.net.SocketTimeoutException,Non HTTP response message: Read timed out,Thread Group 16-1,text,false,2527,0
1492727300540,1505,HTTP Request,Non HTTP response code: java.net.SocketTimeoutException,Non HTTP response message: Read timed out,Thread Group 7-1,text,false,2527,0
1492727300752,1502,HTTP Request,Non HTTP response code: java.net.SocketTimeoutException,Non HTTP response message: Read timed out,Thread Group 29-1,text,false,2527,0
1492727301102,1503,HTTP Request,Non HTTP response code: java.net.SocketTimeoutException,Non HTTP response message: Read timed out,Thread Group 18-1,text,false,2527,0
1492727301700,1163,HTTP Request,200,OK,Thread Group 15-1,text,true,378,1163
1492727302864,8,HTTP Request,200,OK,Thread Group 15-1,text,true,378,8
1492727302872,6,HTTP Request,200,OK,Thread Group 15-1,text,true,378,6
1492727301704,1179,HTTP Request,200,OK,Thread Group 1-1,text,true,378,1179
1492727301681,1211,HTTP Request,200,OK,Thread Group 27-1,text,true,378,1211
1492727302884,29,HTTP Request,200,OK,Thread Group 15-1,text,true,378,29
1492727301700,1240,HTTP Request,200,OK,Thread Group 4-1,text,true,378,1240
1492727301682,1270,HTTP Request,200,OK,Thread Group 17-1,text,true,378,1270
1492727302914,47,HTTP Request,200,OK,Thread Group 15-1,text,true,378,47
1492727302941,33,HTTP Request,200,OK,Thread Group 4-1,text,true,378,33
1492727302893,91,HTTP Request,200,OK,Thread Group 27-1,text,true,378,91
1492727302961,43,HTTP Request,200,OK,Thread Group 15-1,text,true,378,43
1492727302975,37,HTTP Request,200,OK,Thread Group 4-1,text,true,378,37
1492727302985,54,HTTP Request,200,OK,Thread Group 27-1,text,true,378,54
1492727303004,76,HTTP Request,200,OK,Thread Group 15-1,text,true,378,75
1492727303013,74,HTTP Request,200,OK,Thread Group 4-1,text,true,378,74
1492727303039,77,HTTP Request,200,OK,Thread Group 27-1,text,true,378,77
1492727303088,58,HTTP Request,200,OK,Thread Group 4-1,text,true,378,58
1492727303080,86,HTTP Request,200,OK,Thread Group 15-1,text,true,378,86
1492727301680,1516,HTTP Request,Non HTTP response code: java.net.SocketTimeoutException,Non HTTP response message: Read timed out,Thread Group 14-1,text,false,2527,0
1492727301682,1516,HTTP Request,Non HTTP response code: java.net.SocketTimeoutException,Non HTTP response message: Read timed out,Thread Group 5-1,text,false,2527,0
1492727301698,1511,HTTP Request,Non HTTP response code: java.net.SocketTimeoutException,Non HTTP response message: Read timed out,Thread Group 23-1,text,false,2527,0
1492727301702,1508,HTTP Request,Non HTTP response code: java.net.SocketTimeoutException,Non HTTP response message: Read timed out,Thread Group 2-1,text,false,2527,0
1492727301701,1510,HTTP Request,Non HTTP response code: java.net.SocketTimeoutException,Non HTTP response message: Read timed out,Thread Group 12-1,text,false,2527,0
1492727301699,1512,HTTP Request,Non HTTP response code: java.net.SocketTimeoutException,Non HTTP response message: Read timed out,Thread Group 3-1,text,false,2527,0
1492727301697,1515,HTTP Request,Non HTTP response code: java.net.SocketTimeoutException,Non HTTP response message: Read timed out,Thread Group 6-1,text,false,2527,0
1492727301703,1509,HTTP Request,Non HTTP response code: java.net.SocketTimeoutException,Non HTTP response message: Read timed out,Thread Group 10-1,text,false,2527,0
1492727301698,1517,HTTP Request,Non HTTP response code: java.net.SocketTimeoutException,Non HTTP response message: Read timed out,Thread Group 13-1,text,false,2527,0
1492727301702,1508,HTTP Request,Non HTTP response code: java.net.SocketTimeoutException,Non HTTP response message: Read timed out,Thread Group 24-1,text,false,2527,0
1492727301705,1510,HTTP Request,Non HTTP response code: java.net.SocketTimeoutException,Non HTTP response message: Read timed out,Thread Group 11-1,text,false,2527,0
1492727301695,1521,HTTP Request,Non HTTP response code: java.net.SocketTimeoutException,Non HTTP response message: Read timed out,Thread Group 28-1,text,false,2527,0
1492727301699,1517,HTTP Request,Non HTTP response code: java.net.SocketTimeoutException,Non HTTP response message: Read timed out,Thread Group 9-1,text,false,2527,0
1492727301706,1518,HTTP Request,Non HTTP response code: java.net.SocketTimeoutException,Non HTTP response message: Read timed out,Thread Group 21-1,text,false,2527,0
1492727301696,1520,HTTP Request,Non HTTP response code: java.net.SocketTimeoutException,Non HTTP response message: Read timed out,Thread Group 26-1,text,false,2527,0
1492727301697,1519,HTTP Request,Non HTTP response code: java.net.SocketTimeoutException,Non HTTP response message: Read timed out,Thread Group 8-1,text,false,2527,0
1492727301706,1510,HTTP Request,Non HTTP response code: java.net.SocketTimeoutException,Non HTTP response message: Read timed out,Thread Group 20-1,text,false,2527,0
1492727301703,1513,HTTP Request,Non HTTP response code: java.net.SocketTimeoutException,Non HTTP response message: Read timed out,Thread Group 19-1,text,false,2527,0
1492727301704,1511,HTTP Request,Non HTTP response code: java.net.SocketTimeoutException,Non HTTP response message: Read timed out,Thread Group 22-1,text,false,2527,0
1492727301701,1515,HTTP Request,Non HTTP response code: java.net.SocketTimeoutException,Non HTTP response message: Read timed out,Thread Group 25-1,text,false,2527,0
1492727303146,115,HTTP Request,200,OK,Thread Group 4-1,text,true,378,115
1492727303167,96,HTTP Request,200,OK,Thread Group 15-1,text,true,378,96
1492727303209,62,HTTP Request,200,OK,Thread Group 23-1,text,true,378,62
1492727303116,168,HTTP Request,200,OK,Thread Group 27-1,text,true,378,168
1492727303227,105,HTTP Request,200,OK,Thread Group 22-1,text,true,378,105
1492727301838,1503,HTTP Request,Non HTTP response code: java.net.SocketTimeoutException,Non HTTP response message: Read timed out,Thread Group 16-1,text,false,2527,0
1492727303262,115,HTTP Request,200,OK,Thread Group 4-1,text,true,378,115
1492727303271,118,HTTP Request,200,OK,Thread Group 23-1,text,true,378,118
1492727303332,134,HTTP Request,200,OK,Thread Group 22-1,text,true,378,134
1492727303467,43,HTTP Request,200,OK,Thread Group 22-1,text,true,378,43
1492727303511,13,HTTP Request,200,OK,Thread Group 22-1,text,true,378,12
1492727303525,13,HTTP Request,200,OK,Thread Group 22-1,text,true,378,13
1492727302045,1504,HTTP Request,Non HTTP response code: java.net.SocketTimeoutException,Non HTTP response message: Read timed out,Thread Group 7-1,text,false,2527,0
1492727303539,29,HTTP Request,200,OK,Thread Group 22-1,text,true,378,29
1492727303568,131,HTTP Request,200,OK,Thread Group 22-1,text,true,378,130
1492727302255,1503,HTTP Request,Non HTTP response code: java.net.SocketTimeoutException,Non HTTP response message: Read timed out,Thread Group 29-1,text,false,2527,0
1492727303226,648,HTTP Request,200,OK,Thread Group 20-1,text,true,378,648
1492727303227,653,HTTP Request,200,OK,Thread Group 25-1,text,true,378,653
1492727303703,201,HTTP Request,200,OK,Thread Group 22-1,text,true,378,201
1492727303875,119,HTTP Request,200,OK,Thread Group 20-1,text,true,378,119
1492727303880,115,HTTP Request,200,OK,Thread Group 25-1,text,true,378,115
1492727303994,30,HTTP Request,200,OK,Thread Group 20-1,text,true,378,30
1492727303995,39,HTTP Request,200,OK,Thread Group 25-1,text,true,378,39
1492727304024,14,HTTP Request,200,OK,Thread Group 20-1,text,true,378,14
1492727304035,16,HTTP Request,200,OK,Thread Group 25-1,text,true,378,15
1492727304051,31,HTTP Request,200,OK,Thread Group 25-1,text,true,378,31
1492727302605,1505,HTTP Request,Non HTTP response code: java.net.SocketTimeoutException,Non HTTP response message: Read timed out,Thread Group 18-1,text,false,2527,0
1492727304038,73,HTTP Request,200,OK,Thread Group 20-1,text,true,378,73
1492727302883,1271,HTTP Request,200,OK,Thread Group 1-1,text,true,378,1271
1492727304082,99,HTTP Request,200,OK,Thread Group 25-1,text,true,378,99
1492727304111,82,HTTP Request,200,OK,Thread Group 20-1,text,true,378,82
1492727302953,1284,HTTP Request,200,OK,Thread Group 17-1,text,true,378,1284
1492727303285,1046,HTTP Request,200,OK,Thread Group 27-1,text,true,378,1046
1492727303377,1008,HTTP Request,200,OK,Thread Group 4-1,text,true,378,1008
1492727303389,1036,HTTP Request,200,OK,Thread Group 23-1,text,true,378,1036
1492727303905,700,HTTP Request,200,OK,Thread Group 22-1,text,true,378,700
1492727304184,491,HTTP Request,200,OK,Thread Group 25-1,text,true,378,491
1492727303198,1507,HTTP Request,Non HTTP response code: java.net.SocketTimeoutException,Non HTTP response message: Read timed out,Thread Group 5-1,text,false,2527,0
1492727303197,1509,HTTP Request,Non HTTP response code: java.net.SocketTimeoutException,Non HTTP response message: Read timed out,Thread Group 14-1,text,false,2527,0
1492727304193,519,HTTP Request,200,OK,Thread Group 20-1,text,true,378,519
1492727303210,1511,HTTP Request,Non HTTP response code: java.net.SocketTimeoutException,Non HTTP response message: Read timed out,Thread Group 2-1,text,false,2527,0
1492727303215,1508,HTTP Request,Non HTTP response code: java.net.SocketTimeoutException,Non HTTP response message: Read timed out,Thread Group 13-1,text,false,2527,0
1492727303212,1511,HTTP Request,Non HTTP response code: java.net.SocketTimeoutException,Non HTTP response message: Read timed out,Thread Group 6-1,text,false,2527,0
1492727303211,1513,HTTP Request,Non HTTP response code: java.net.SocketTimeoutException,Non HTTP response message: Read timed out,Thread Group 12-1,text,false,2527,0
1492727303213,1511,HTTP Request,Non HTTP response code: java.net.SocketTimeoutException,Non HTTP response message: Read timed out,Thread Group 10-1,text,false,2527,0
1492727303212,1510,HTTP Request,Non HTTP response code: java.net.SocketTimeoutException,Non HTTP response message: Read timed out,Thread Group 3-1,text,false,2527,0
1492727303226,1504,HTTP Request,Non HTTP response code: java.net.SocketTimeoutException,Non HTTP response message: Read timed out,Thread Group 19-1,text,false,2527,0
1492727303225,1506,HTTP Request,Non HTTP response code: java.net.SocketTimeoutException,Non HTTP response message: Read timed out,Thread Group 26-1,text,false,2527,0
1492727303224,1506,HTTP Request,Non HTTP response code: java.net.SocketTimeoutException,Non HTTP response message: Read timed out,Thread Group 21-1,text,false,2527,0
1492727303223,1508,HTTP Request,Non HTTP response code: java.net.SocketTimeoutException,Non HTTP response message: Read timed out,Thread Group 28-1,text,false,2527,0
1492727303222,1510,HTTP Request,Non HTTP response code: java.net.SocketTimeoutException,Non HTTP response message: Read timed out,Thread Group 24-1,text,false,2527,0
1492727303228,1503,HTTP Request,Non HTTP response code: java.net.SocketTimeoutException,Non HTTP response message: Read timed out,Thread Group 11-1,text,false,2527,0
1492727303224,1507,HTTP Request,Non HTTP response code: java.net.SocketTimeoutException,Non HTTP response message: Read timed out,Thread Group 9-1,text,false,2527,0
1492727303225,1506,HTTP Request,Non HTTP response code: java.net.SocketTimeoutException,Non HTTP response message: Read timed out,Thread Group 8-1,text,false,2527,0
1492727303263,1505,HTTP Request,Non HTTP response code: java.net.SocketTimeoutException,Non HTTP response message: Read timed out,Thread Group 15-1,text,false,2527,0
1492727303759,1052,HTTP Request,200,OK,Thread Group 29-1,text,true,378,1052
1492727303550,1291,HTTP Request,200,OK,Thread Group 7-1,text,true,378,1290
1492727303342,1503,HTTP Request,Non HTTP response code: java.net.SocketTimeoutException,Non HTTP response message: Read timed out,Thread Group 16-1,text,false,2527,0
1492727304154,921,HTTP Request,200,OK,Thread Group 1-1,text,true,378,921
1492727304237,856,HTTP Request,200,OK,Thread Group 17-1,text,true,378,856
1492727304331,796,HTTP Request,200,OK,Thread Group 27-1,text,true,378,796
1492727304385,774,HTTP Request,200,OK,Thread Group 4-1,text,true,378,774
1492727304425,754,HTTP Request,200,OK,Thread Group 23-1,text,true,378,754
1492727304110,1086,HTTP Request,200,OK,Thread Group 18-1,text,true,378,1086
1492727304605,675,HTTP Request,200,OK,Thread Group 22-1,text,true,378,675
1492727304676,669,HTTP Request,200,OK,Thread Group 25-1,text,true,378,668
1492727304713,667,HTTP Request,200,OK,Thread Group 20-1,text,true,378,667
1492727304811,646,HTTP Request,200,OK,Thread Group 29-1,text,true,378,646
1492727304731,741,HTTP Request,200,OK,Thread Group 26-1,text,true,378,741
1492727304841,647,HTTP Request,200,OK,Thread Group 7-1,text,true,378,647
1492727304845,658,HTTP Request,200,OK,Thread Group 16-1,text,true,378,658
1492727304769,770,HTTP Request,200,OK,Thread Group 15-1,text,true,378,770
1492727305076,472,HTTP Request,200,OK,Thread Group 1-1,text,true,378,472
1492727305093,474,HTTP Request,200,OK,Thread Group 17-1,text,true,378,474
1492727305127,470,HTTP Request,200,OK,Thread Group 27-1,text,true,378,470
1492727305160,470,HTTP Request,200,OK,Thread Group 4-1,text,true,378,470
1492727305180,464,HTTP Request,200,OK,Thread Group 23-1,text,true,378,464
1492727305197,480,HTTP Request,200,OK,Thread Group 18-1,text,true,378,480
1492727305280,466,HTTP Request,200,OK,Thread Group 22-1,text,true,378,466
1492727304723,1034,HTTP Request,200,OK,Thread Group 6-1,text,true,378,1033
1492727304735,1022,HTTP Request,200,OK,Thread Group 21-1,text,true,378,1022
1492727305756,7,HTTP Request,200,OK,Thread Group 6-1,text,true,378,6
1492727305757,11,HTTP Request,200,OK,Thread Group 21-1,text,true,378,11
1492727305763,12,HTTP Request,200,OK,Thread Group 6-1,text,true,378,12
1492727305344,482,HTTP Request,200,OK,Thread Group 25-1,text,true,378,482
1492727305775,54,HTTP Request,200,OK,Thread Group 6-1,text,true,378,54
1492727305769,70,HTTP Request,200,OK,Thread Group 21-1,text,true,378,70
1492727305380,482,HTTP Request,200,OK,Thread Group 20-1,text,true,378,481
1492727305829,42,HTTP Request,200,OK,Thread Group 6-1,text,true,378,42
1492727305840,35,HTTP Request,200,OK,Thread Group 21-1,text,true,378,35
1492727305871,39,HTTP Request,200,OK,Thread Group 6-1,text,true,378,39
1492727305456,457,HTTP Request,200,OK,Thread Group 29-1,text,true,378,457
1492727305875,43,HTTP Request,200,OK,Thread Group 21-1,text,true,378,43
1492727305472,476,HTTP Request,200,OK,Thread Group 26-1,text,true,378,476
1492727305910,47,HTTP Request,200,OK,Thread Group 6-1,text,true,378,47
1492727305487,479,HTTP Request,200,OK,Thread Group 7-1,text,true,378,479
1492727305919,51,HTTP Request,200,OK,Thread Group 21-1,text,true,378,48
1492727305503,482,HTTP Request,200,OK,Thread Group 16-1,text,true,378,482
1492727305957,51,HTTP Request,200,OK,Thread Group 6-1,text,true,378,51
1492727305970,41,HTTP Request,200,OK,Thread Group 21-1,text,true,378,40
1492727305538,487,HTTP Request,200,OK,Thread Group 15-1,text,true,378,487
1492727305548,492,HTTP Request,200,OK,Thread Group 1-1,text,true,378,492
1492727305566,493,HTTP Request,200,OK,Thread Group 17-1,text,true,378,493
1492727306011,48,HTTP Request,200,OK,Thread Group 21-1,text,true,378,48
1492727306008,54,HTTP Request,200,OK,Thread Group 6-1,text,true,378,54
1492727305596,499,HTTP Request,200,OK,Thread Group 27-1,text,true,378,499
1492727306062,63,HTTP Request,200,OK,Thread Group 6-1,text,true,378,63
1492727305630,496,HTTP Request,200,OK,Thread Group 4-1,text,true,378,496
1492727305644,499,HTTP Request,200,OK,Thread Group 23-1,text,true,378,499
1492727306060,89,HTTP Request,200,OK,Thread Group 21-1,text,true,378,89
1492727305676,501,HTTP Request,200,OK,Thread Group 18-1,text,true,378,501
1492727304706,1503,HTTP Request,Non HTTP response code: java.net.SocketTimeoutException,Non HTTP response message: Read timed out,Thread Group 14-1,text,false,2527,0
1492727304705,1505,HTTP Request,Non HTTP response code: java.net.SocketTimeoutException,Non HTTP response message: Read timed out,Thread Group 5-1,text,false,2527,0
1492727304721,1503,HTTP Request,Non HTTP response code: java.net.SocketTimeoutException,Non HTTP response message: Read timed out,Thread Group 2-1,text,false,2527,0
1492727304724,1503,HTTP Request,Non HTTP response code: java.net.SocketTimeoutException,Non HTTP response message: Read timed out,Thread Group 12-1,text,false,2527,0
1492727304724,1503,HTTP Request,Non HTTP response code: java.net.SocketTimeoutException,Non HTTP response message: Read timed out,Thread Group 10-1,text,false,2527,0
1492727304723,1505,HTTP Request,Non HTTP response code: java.net.SocketTimeoutException,Non HTTP response message: Read timed out,Thread Group 13-1,text,false,2527,0
1492727304725,1503,HTTP Request,Non HTTP response code: java.net.SocketTimeoutException,Non HTTP response message: Read timed out,Thread Group 3-1,text,false,2527,0
1492727304730,1505,HTTP Request,Non HTTP response code: java.net.SocketTimeoutException,Non HTTP response message: Read timed out,Thread Group 19-1,text,false,2527,0
1492727306125,111,HTTP Request,200,OK,Thread Group 6-1,text,true,378,111
1492727304735,1505,HTTP Request,Non HTTP response code: java.net.SocketTimeoutException,Non HTTP response message: Read timed out,Thread Group 28-1,text,false,2527,0
1492727304736,1505,HTTP Request,Non HTTP response code: java.net.SocketTimeoutException,Non HTTP response message: Read timed out,Thread Group 24-1,text,false,2527,0
1492727304736,1505,HTTP Request,Non HTTP response code: java.net.SocketTimeoutException,Non HTTP response message: Read timed out,Thread Group 9-1,text,false,2527,0
1492727304737,1505,HTTP Request,Non HTTP response code: java.net.SocketTimeoutException,Non HTTP response message: Read timed out,Thread Group 8-1,text,false,2527,0
1492727304736,1506,HTTP Request,Non HTTP response code: java.net.SocketTimeoutException,Non HTTP response message: Read timed out,Thread Group 11-1,text,false,2527,0
1492727306234,9,HTTP Request,200,OK,Thread Group 19-1,text,true,378,9
1492727306243,12,HTTP Request,200,OK,Thread Group 19-1,text,true,378,12
1492727305746,521,HTTP Request,200,OK,Thread Group 22-1,text,true,378,521
1492727306255,25,HTTP Request,200,OK,Thread Group 19-1,text,true,378,25
1492727305826,505,HTTP Request,200,OK,Thread Group 25-1,text,true,378,505
1492727305862,506,HTTP Request,200,OK,Thread Group 20-1,text,true,378,506
1492727305913,498,HTTP Request,200,OK,Thread Group 29-1,text,true,378,498
1492727306228,186,HTTP Request,200,OK,Thread Group 3-1,text,true,378,186
1492727305948,493,HTTP Request,200,OK,Thread Group 26-1,text,true,378,493
1492727306414,34,HTTP Request,200,OK,Thread Group 3-1,text,true,378,34
1492727305966,497,HTTP Request,200,OK,Thread Group 7-1,text,true,378,497
1492727305986,488,HTTP Request,200,OK,Thread Group 16-1,text,true,378,488
1492727306448,36,HTTP Request,200,OK,Thread Group 3-1,text,true,378,36
1492727306026,484,HTTP Request,200,OK,Thread Group 15-1,text,true,378,484
1492727306041,486,HTTP Request,200,OK,Thread Group 1-1,text,true,378,486
1492727306484,47,HTTP Request,200,OK,Thread Group 3-1,text,true,378,47
1492727306059,508,HTTP Request,200,OK,Thread Group 17-1,text,true,378,508
1492727306241,334,HTTP Request,200,OK,Thread Group 9-1,text,true,378,334
1492727306531,51,HTTP Request,200,OK,Thread Group 3-1,text,true,378,51
1492727306576,19,HTTP Request,200,OK,Thread Group 9-1,text,true,378,19
1492727306096,502,HTTP Request,200,OK,Thread Group 27-1,text,true,378,502
1492727306595,23,HTTP Request,200,OK,Thread Group 9-1,text,true,378,23
1492727306126,509,HTTP Request,200,OK,Thread Group 4-1,text,true,378,509
1492727306144,507,HTTP Request,200,OK,Thread Group 23-1,text,true,378,507
1492727306583,73,HTTP Request,200,OK,Thread Group 3-1,text,true,378,73
1492727306236,436,HTTP Request,200,OK,Thread Group 6-1,text,true,378,435
1492727306619,56,HTTP Request,200,OK,Thread Group 9-1,text,true,378,56
1492727306177,526,HTTP Request,200,OK,Thread Group 18-1,text,true,378,526
1492727306675,34,HTTP Request,200,OK,Thread Group 9-1,text,true,378,34
1492727306149,574,HTTP Request,200,OK,Thread Group 21-1,text,true,378,574
1492727306709,55,HTTP Request,200,OK,Thread Group 9-1,text,true,378,55
1492727306268,516,HTTP Request,200,OK,Thread Group 22-1,text,true,378,516
1492727306764,25,HTTP Request,200,OK,Thread Group 9-1,text,true,378,25
1492727306281,534,HTTP Request,200,OK,Thread Group 19-1,text,true,378,534
1492727306790,35,HTTP Request,200,OK,Thread Group 9-1,text,true,378,35
1492727306656,191,HTTP Request,200,OK,Thread Group 3-1,text,true,378,191
1492727306332,534,HTTP Request,200,OK,Thread Group 25-1,text,true,378,534
1492727306847,27,HTTP Request,200,OK,Thread Group 3-1,text,true,378,27
1492727306826,59,HTTP Request,200,OK,Thread Group 9-1,text,true,378,59
1492727306368,536,HTTP Request,200,OK,Thread Group 20-1,text,true,378,536
1492727306885,65,HTTP Request,200,OK,Thread Group 9-1,text,true,378,65
1492727306412,558,HTTP Request,200,OK,Thread Group 29-1,text,true,378,558
1492727306951,49,HTTP Request,200,OK,Thread Group 9-1,text,true,378,49
1492727306442,580,HTTP Request,200,OK,Thread Group 26-1,text,true,378,580
1492727306464,576,HTTP Request,200,OK,Thread Group 7-1,text,true,378,576
1492727306475,580,HTTP Request,200,OK,Thread Group 16-1,text,true,378,580
1492727306510,573,HTTP Request,200,OK,Thread Group 15-1,text,true,378,573
1492727306527,594,HTTP Request,200,OK,Thread Group 1-1,text,true,378,594
1492727306567,568,HTTP Request,200,OK,Thread Group 17-1,text,true,378,568
1492727306598,569,HTTP Request,200,OK,Thread Group 27-1,text,true,378,568
1492727306636,572,HTTP Request,200,OK,Thread Group 4-1,text,true,378,572
1492727306652,567,HTTP Request,200,OK,Thread Group 23-1,text,true,378,567
1492727306875,356,HTTP Request,200,OK,Thread Group 3-1,text,true,378,356
1492727306227,1009,HTTP Request,200,OK,Thread Group 13-1,text,true,378,1009
1492727306224,1018,HTTP Request,200,OK,Thread Group 2-1,text,true,378,1017
1492727307237,9,HTTP Request,200,OK,Thread Group 13-1,text,true,378,9
1492727306672,575,HTTP Request,200,OK,Thread Group 6-1,text,true,378,575
1492727307242,13,HTTP Request,200,OK,Thread Group 2-1,text,true,378,13
1492727307246,11,HTTP Request,200,OK,Thread Group 13-1,text,true,378,11
1492727307255,11,HTTP Request,200,OK,Thread Group 2-1,text,true,378,11
1492727306240,1037,HTTP Request,200,OK,Thread Group 28-1,text,true,378,1037
1492727306226,1055,HTTP Request,200,OK,Thread Group 12-1,text,true,378,1055
1492727306240,1046,HTTP Request,200,OK,Thread Group 24-1,text,true,378,1046
1492727306704,589,HTTP Request,200,OK,Thread Group 18-1,text,true,378,589
1492727307277,16,HTTP Request,200,OK,Thread Group 28-1,text,true,378,16
1492727307281,14,HTTP Request,200,OK,Thread Group 12-1,text,true,378,14
1492727307286,11,HTTP Request,200,OK,Thread Group 24-1,text,true,378,10
1492727307257,47,HTTP Request,200,OK,Thread Group 13-1,text,true,378,47
1492727307297,10,HTTP Request,200,OK,Thread Group 24-1,text,true,378,9
1492727307293,22,HTTP Request,200,OK,Thread Group 28-1,text,true,378,22
1492727307295,22,HTTP Request,200,OK,Thread Group 12-1,text,true,378,22
1492727306724,596,HTTP Request,200,OK,Thread Group 21-1,text,true,378,596
1492727307266,75,HTTP Request,200,OK,Thread Group 2-1,text,true,378,75
1492727307317,25,HTTP Request,200,OK,Thread Group 12-1,text,true,378,25
1492727307315,31,HTTP Request,200,OK,Thread Group 28-1,text,true,378,31
1492727307305,43,HTTP Request,200,OK,Thread Group 13-1,text,true,378,43
1492727307307,58,HTTP Request,200,OK,Thread Group 24-1,text,true,378,58
1492727307348,31,HTTP Request,200,OK,Thread Group 13-1,text,true,378,31
1492727307342,39,HTTP Request,200,OK,Thread Group 2-1,text,true,378,39
1492727307346,40,HTTP Request,200,OK,Thread Group 28-1,text,true,378,40
1492727307343,48,HTTP Request,200,OK,Thread Group 12-1,text,true,378,48
1492727306784,623,HTTP Request,200,OK,Thread Group 22-1,text,true,378,623
1492727307382,30,HTTP Request,200,OK,Thread Group 2-1,text,true,378,30
1492727307366,50,HTTP Request,200,OK,Thread Group 24-1,text,true,378,50
1492727307387,35,HTTP Request,200,OK,Thread Group 28-1,text,true,378,35
1492727307379,49,HTTP Request,200,OK,Thread Group 13-1,text,true,378,49
1492727307391,40,HTTP Request,200,OK,Thread Group 12-1,text,true,378,40
1492727307412,23,HTTP Request,200,OK,Thread Group 2-1,text,true,378,23
1492727307428,13,HTTP Request,200,OK,Thread Group 13-1,text,true,378,13
1492727307432,17,HTTP Request,200,OK,Thread Group 12-1,text,true,378,17
1492727307000,451,HTTP Request,200,OK,Thread Group 9-1,text,true,378,451
1492727306816,653,HTTP Request,200,OK,Thread Group 19-1,text,true,378,653
1492727307449,23,HTTP Request,200,OK,Thread Group 12-1,text,true,378,23
1492727307435,38,HTTP Request,200,OK,Thread Group 2-1,text,true,378,38
1492727307441,46,HTTP Request,200,OK,Thread Group 13-1,text,true,378,46
1492727307473,19,HTTP Request,200,OK,Thread Group 2-1,text,true,378,19
1492727307422,84,HTTP Request,200,OK,Thread Group 28-1,text,true,378,84
1492727307472,56,HTTP Request,200,OK,Thread Group 12-1,text,true,378,55
1492727307492,43,HTTP Request,200,OK,Thread Group 2-1,text,true,378,43
1492727306866,681,HTTP Request,200,OK,Thread Group 25-1,text,true,378,681
1492727307528,29,HTTP Request,200,OK,Thread Group 12-1,text,true,378,29
1492727307507,54,HTTP Request,200,OK,Thread Group 28-1,text,true,378,54
1492727306904,680,HTTP Request,200,OK,Thread Group 20-1,text,true,378,680
1492727307535,50,HTTP Request,200,OK,Thread Group 2-1,text,true,378,50
1492727307417,184,HTTP Request,200,OK,Thread Group 24-1,text,true,378,184
1492727307561,86,HTTP Request,200,OK,Thread Group 28-1,text,true,378,86
1492727307585,63,HTTP Request,200,OK,Thread Group 2-1,text,true,378,63
1492727307557,92,HTTP Request,200,OK,Thread Group 12-1,text,true,378,92
1492727306970,728,HTTP Request,200,OK,Thread Group 29-1,text,true,378,728
1492727306209,1503,HTTP Request,Non HTTP response code: java.net.SocketTimeoutException,Non HTTP response message: Read timed out,Thread Group 14-1,text,false,2527,0
1492727306210,1503,HTTP Request,Non HTTP response code: java.net.SocketTimeoutException,Non HTTP response message: Read timed out,Thread Group 5-1,text,false,2527,0
1492727306227,1502,HTTP Request,Non HTTP response code: java.net.SocketTimeoutException,Non HTTP response message: Read timed out,Thread Group 10-1,text,false,2527,0
1492727307648,82,HTTP Request,200,OK,Thread Group 2-1,text,true,378,82
1492727306241,1503,HTTP Request,Non HTTP response code: java.net.SocketTimeoutException,Non HTTP response message: Read timed out,Thread Group 8-1,text,false,2527,0
1492727306241,1504,HTTP Request,Non HTTP response code: java.net.SocketTimeoutException,Non HTTP response message: Read timed out,Thread Group 11-1,text,false,2527,0
1492727307745,8,HTTP Request,200,OK,Thread Group 11-1,text,true,378,7
1492727307022,737,HTTP Request,200,OK,Thread Group 26-1,text,true,378,737
1492727307753,11,HTTP Request,200,OK,Thread Group 11-1,text,true,378,11
1492727307040,739,HTTP Request,200,OK,Thread Group 7-1,text,true,378,739
1492727307764,25,HTTP Request,200,OK,Thread Group 11-1,text,true,378,25
1492727307055,741,HTTP Request,200,OK,Thread Group 16-1,text,true,378,741
1492727307790,34,HTTP Request,200,OK,Thread Group 11-1,text,true,378,33
1492727307084,755,HTTP Request,200,OK,Thread Group 15-1,text,true,378,755
1492727307824,20,HTTP Request,200,OK,Thread Group 11-1,text,true,378,20
1492727307744,107,HTTP Request,200,OK,Thread Group 8-1,text,true,378,106
1492727307851,4,HTTP Request,200,OK,Thread Group 8-1,text,true,378,4
1492727307844,20,HTTP Request,200,OK,Thread Group 11-1,text,true,378,20
1492727307855,11,HTTP Request,200,OK,Thread Group 8-1,text,true,378,11
1492727307864,14,HTTP Request,200,OK,Thread Group 11-1,text,true,378,13
1492727307866,14,HTTP Request,200,OK,Thread Group 8-1,text,true,378,14
1492727307729,162,HTTP Request,200,OK,Thread Group 10-1,text,true,378,162
1492727307878,18,HTTP Request,200,OK,Thread Group 11-1,text,true,378,18
1492727307880,18,HTTP Request,200,OK,Thread Group 8-1,text,true,378,18
1492727307122,784,HTTP Request,200,OK,Thread Group 1-1,text,true,378,784
1492727307898,10,HTTP Request,200,OK,Thread Group 8-1,text,true,378,10
1492727307896,14,HTTP Request,200,OK,Thread Group 11-1,text,true,378,14
1492727307713,203,HTTP Request,200,OK,Thread Group 5-1,text,true,378,203
1492727307908,15,HTTP Request,200,OK,Thread Group 8-1,text,true,378,15
1492727307911,13,HTTP Request,200,OK,Thread Group 11-1,text,true,378,13
1492727307923,13,HTTP Request,200,OK,Thread Group 8-1,text,true,378,13
1492727307925,13,HTTP Request,200,OK,Thread Group 11-1,text,true,378,13
1492727307136,805,HTTP Request,200,OK,Thread Group 17-1,text,true,378,805
1492727307712,235,HTTP Request,200,OK,Thread Group 14-1,text,true,378,234
1492727307936,16,HTTP Request,200,OK,Thread Group 8-1,text,true,378,16
1492727307947,9,HTTP Request,200,OK,Thread Group 14-1,text,true,378,9
1492727307916,42,HTTP Request,200,OK,Thread Group 5-1,text,true,378,42
1492727307939,23,HTTP Request,200,OK,Thread Group 11-1,text,true,378,23
1492727307956,13,HTTP Request,200,OK,Thread Group 14-1,text,true,378,13
1492727307959,17,HTTP Request,200,OK,Thread Group 5-1,text,true,378,17
1492727307952,25,HTTP Request,200,OK,Thread Group 8-1,text,true,378,25
1492727307962,15,HTTP Request,200,OK,Thread Group 11-1,text,true,378,15
1492727307977,9,HTTP Request,200,OK,Thread Group 11-1,text,true,378,9
1492727307969,21,HTTP Request,200,OK,Thread Group 14-1,text,true,378,21
1492727307976,14,HTTP Request,200,OK,Thread Group 5-1,text,true,378,14
1492727307167,829,HTTP Request,200,OK,Thread Group 27-1,text,true,378,829
1492727307986,12,HTTP Request,200,OK,Thread Group 11-1,text,true,378,12
1492727307990,10,HTTP Request,200,OK,Thread Group 14-1,text,true,378,10
1492727307990,12,HTTP Request,200,OK,Thread Group 5-1,text,true,378,12
1492727307977,31,HTTP Request,200,OK,Thread Group 8-1,text,true,378,31
1492727307998,15,HTTP Request,200,OK,Thread Group 11-1,text,true,378,15
1492727308002,14,HTTP Request,200,OK,Thread Group 5-1,text,true,378,14
1492727308008,10,HTTP Request,200,OK,Thread Group 8-1,text,true,378,10
1492727307891,131,HTTP Request,200,OK,Thread Group 10-1,text,true,378,131
1492727308000,31,HTTP Request,200,OK,Thread Group 14-1,text,true,378,31
1492727308013,20,HTTP Request,200,OK,Thread Group 11-1,text,true,378,20
1492727308018,18,HTTP Request,200,OK,Thread Group 8-1,text,true,378,18
1492727308016,23,HTTP Request,200,OK,Thread Group 5-1,text,true,378,23
1492727308036,9,HTTP Request,200,OK,Thread Group 8-1,text,true,378,9
1492727308022,24,HTTP Request,200,OK,Thread Group 10-1,text,true,378,24
1492727307208,840,HTTP Request,200,OK,Thread Group 4-1,text,true,378,840
1492727308039,10,HTTP Request,200,OK,Thread Group 5-1,text,true,378,10
1492727308031,21,HTTP Request,200,OK,Thread Group 14-1,text,true,378,21
1492727308033,26,HTTP Request,200,OK,Thread Group 11-1,text,true,378,26
1492727308045,16,HTTP Request,200,OK,Thread Group 8-1,text,true,378,16
1492727308049,18,HTTP Request,200,OK,Thread Group 5-1,text,true,378,18
1492727308046,28,HTTP Request,200,OK,Thread Group 10-1,text,true,378,28
1492727308052,25,HTTP Request,200,OK,Thread Group 14-1,text,true,378,25
1492727307488,590,HTTP Request,200,OK,Thread Group 13-1,text,true,378,590
1492727308062,19,HTTP Request,200,OK,Thread Group 8-1,text,true,378,19
1492727308077,8,HTTP Request,200,OK,Thread Group 14-1,text,true,378,8
1492727308059,30,HTTP Request,200,OK,Thread Group 11-1,text,true,378,30
1492727308074,16,HTTP Request,200,OK,Thread Group 10-1,text,true,378,16
1492727308081,11,HTTP Request,200,OK,Thread Group 8-1,text,true,378,11
1492727308085,13,HTTP Request,200,OK,Thread Group 14-1,text,true,378,12
1492727307220,880,HTTP Request,200,OK,Thread Group 23-1,text,true,378,880
1492727308067,33,HTTP Request,200,OK,Thread Group 5-1,text,true,378,32
1492727308089,13,HTTP Request,200,OK,Thread Group 11-1,text,true,378,13
1492727308090,14,HTTP Request,200,OK,Thread Group 10-1,text,true,378,14
1492727308092,14,HTTP Request,200,OK,Thread Group 8-1,text,true,378,14
1492727308098,13,HTTP Request,200,OK,Thread Group 14-1,text,true,378,13
1492727308102,12,HTTP Request,200,OK,Thread Group 11-1,text,true,378,12
1492727308105,10,HTTP Request,200,OK,Thread Group 10-1,text,true,378,10
1492727308107,12,HTTP Request,200,OK,Thread Group 8-1,text,true,378,12
1492727308100,24,HTTP Request,200,OK,Thread Group 5-1,text,true,378,24
1492727308112,14,HTTP Request,200,OK,Thread Group 14-1,text,true,378,14
1492727308120,9,HTTP Request,200,OK,Thread Group 8-1,text,true,378,9
1492727307231,902,HTTP Request,200,OK,Thread Group 3-1,text,true,378,902
1492727308126,6,HTTP Request,200,OK,Thread Group 14-1,text,true,378,6
1492727308124,10,HTTP Request,200,OK,Thread Group 5-1,text,true,378,10
1492727308114,21,HTTP Request,200,OK,Thread Group 11-1,text,true,378,21
1492727308116,24,HTTP Request,200,OK,Thread Group 10-1,text,true,378,24
1492727308135,11,HTTP Request,200,OK,Thread Group 14-1,text,true,378,11
1492727308134,13,HTTP Request,200,OK,Thread Group 5-1,text,true,378,13
1492727308130,19,HTTP Request,200,OK,Thread Group 8-1,text,true,378,19
1492727308140,12,HTTP Request,200,OK,Thread Group 10-1,text,true,378,12
1492727307247,914,HTTP Request,200,OK,Thread Group 6-1,text,true,378,914
1492727308150,14,HTTP Request,200,OK,Thread Group 8-1,text,true,378,14
1492727308147,19,HTTP Request,200,OK,Thread Group 5-1,text,true,378,19
1492727308152,16,HTTP Request,200,OK,Thread Group 10-1,text,true,378,16
1492727308146,26,HTTP Request,200,OK,Thread Group 14-1,text,true,378,26
1492727308166,11,HTTP Request,200,OK,Thread Group 5-1,text,true,378,11
1492727308168,10,HTTP Request,200,OK,Thread Group 10-1,text,true,378,10
1492727308172,12,HTTP Request,200,OK,Thread Group 14-1,text,true,378,12
1492727308177,9,HTTP Request,200,OK,Thread Group 5-1,text,true,378,8
1492727308178,10,HTTP Request,200,OK,Thread Group 10-1,text,true,378,10
1492727308184,12,HTTP Request,200,OK,Thread Group 14-1,text,true,378,12
1492727308189,11,HTTP Request,200,OK,Thread Group 10-1,text,true,378,11
1492727308186,15,HTTP Request,200,OK,Thread Group 5-1,text,true,378,14
1492727308197,11,HTTP Request,200,OK,Thread Group 14-1,text,true,378,11
1492727308200,11,HTTP Request,200,OK,Thread Group 10-1,text,true,378,11
1492727307293,955,HTTP Request,200,OK,Thread Group 18-1,text,true,378,955
1492727308201,49,HTTP Request,200,OK,Thread Group 5-1,text,true,378,49
1492727307601,650,HTTP Request,200,OK,Thread Group 24-1,text,true,378,650
1492727307647,606,HTTP Request,200,OK,Thread Group 28-1,text,true,378,606
1492727308211,48,HTTP Request,200,OK,Thread Group 10-1,text,true,378,48
1492727308208,54,HTTP Request,200,OK,Thread Group 14-1,text,true,378,54
1492727308250,14,HTTP Request,200,OK,Thread Group 5-1,text,true,378,14
1492727307320,948,HTTP Request,200,OK,Thread Group 21-1,text,true,378,948
1492727308262,9,HTTP Request,200,OK,Thread Group 14-1,text,true,378,9
1492727308259,13,HTTP Request,200,OK,Thread Group 10-1,text,true,378,13
1492727308264,9,HTTP Request,200,OK,Thread Group 5-1,text,true,378,9
1492727308272,4,HTTP Request,200,OK,Thread Group 14-1,text,true,378,4
1492727308272,5,HTTP Request,200,OK,Thread Group 10-1,text,true,378,5
1492727308273,6,HTTP Request,200,OK,Thread Group 5-1,text,true,378,6
1492727308277,7,HTTP Request,200,OK,Thread Group 10-1,text,true,378,7
1492727308276,8,HTTP Request,200,OK,Thread Group 14-1,text,true,378,8
1492727308280,6,HTTP Request,200,OK,Thread Group 5-1,text,true,378,6
1492727308284,5,HTTP Request,200,OK,Thread Group 10-1,text,true,378,5
1492727308289,2,HTTP Request,200,OK,Thread Group 10-1,text,true,378,2
1492727308291,3,HTTP Request,200,OK,Thread Group 10-1,text,true,378,3
1492727308294,2,HTTP Request,200,OK,Thread Group 10-1,text,true,378,2
1492727307408,923,HTTP Request,200,OK,Thread Group 22-1,text,true,378,923
1492727307649,685,HTTP Request,200,OK,Thread Group 12-1,text,true,378,685
1492727307730,614,HTTP Request,200,OK,Thread Group 2-1,text,true,378,614
1492727307451,906,HTTP Request,200,OK,Thread Group 9-1,text,true,378,906
1492727307469,896,HTTP Request,200,OK,Thread Group 19-1,text,true,378,896
1492727307548,840,HTTP Request,200,OK,Thread Group 25-1,text,true,378,840
1492727307585,816,HTTP Request,200,OK,Thread Group 20-1,text,true,378,816
1492727307698,753,HTTP Request,200,OK,Thread Group 29-1,text,true,378,753
1492727307759,730,HTTP Request,200,OK,Thread Group 26-1,text,true,378,730
1492727307779,721,HTTP Request,200,OK,Thread Group 7-1,text,true,378,721
1492727307796,721,HTTP Request,200,OK,Thread Group 16-1,text,true,378,721
1492727307840,724,HTTP Request,200,OK,Thread Group 15-1,text,true,378,724
1492727307906,689,HTTP Request,200,OK,Thread Group 1-1,text,true,378,689
1492727307941,658,HTTP Request,200,OK,Thread Group 17-1,text,true,378,658
1492727307996,616,HTTP Request,200,OK,Thread Group 27-1,text,true,378,616
1492727308049,582,HTTP Request,200,OK,Thread Group 4-1,text,true,378,582
1492727308078,557,HTTP Request,200,OK,Thread Group 13-1,text,true,378,556
1492727308100,542,HTTP Request,200,OK,Thread Group 23-1,text,true,378,542
1492727308133,515,HTTP Request,200,OK,Thread Group 3-1,text,true,378,515
1492727308161,490,HTTP Request,200,OK,Thread Group 6-1,text,true,378,490
1492727308254,411,HTTP Request,200,OK,Thread Group 28-1,text,true,378,410
1492727308251,422,HTTP Request,200,OK,Thread Group 24-1,text,true,378,422
1492727308248,429,HTTP Request,200,OK,Thread Group 18-1,text,true,378,429
1492727308268,417,HTTP Request,200,OK,Thread Group 21-1,text,true,378,417
1492727308335,399,HTTP Request,200,OK,Thread Group 12-1,text,true,378,399
1492727308331,407,HTTP Request,200,OK,Thread Group 22-1,text,true,378,407
1492727308344,401,HTTP Request,200,OK,Thread Group 2-1,text,true,378,401
1492727308357,404,HTTP Request,200,OK,Thread Group 9-1,text,true,378,404
1492727308365,408,HTTP Request,200,OK,Thread Group 19-1,text,true,378,408
1492727308389,423,HTTP Request,200,OK,Thread Group 25-1,text,true,378,423
1492727308402,423,HTTP Request,200,OK,Thread Group 20-1,text,true,378,423
1492727308451,413,HTTP Request,200,OK,Thread Group 29-1,text,true,378,413
1492727308500,407,HTTP Request,200,OK,Thread Group 7-1,text,true,378,407
1492727308489,423,HTTP Request,200,OK,Thread Group 26-1,text,true,378,423
1492727308517,409,HTTP Request,200,OK,Thread Group 16-1,text,true,378,409
1492727308565,389,HTTP Request,200,OK,Thread Group 15-1,text,true,378,389
1492727308599,360,HTTP Request,200,OK,Thread Group 17-1,text,true,378,360
1492727308595,381,HTTP Request,200,OK,Thread Group 1-1,text,true,378,381
1492727308631,360,HTTP Request,200,OK,Thread Group 4-1,text,true,378,360
1492727308613,383,HTTP Request,200,OK,Thread Group 27-1,text,true,378,383
1492727308642,379,HTTP Request,200,OK,Thread Group 23-1,text,true,378,378
1492727308635,391,HTTP Request,200,OK,Thread Group 13-1,text,true,378,391
1492727308648,385,HTTP Request,200,OK,Thread Group 3-1,text,true,378,384
1492727308652,386,HTTP Request,200,OK,Thread Group 6-1,text,true,378,386
1492727308665,388,HTTP Request,200,OK,Thread Group 28-1,text,true,378,388
1492727308673,389,HTTP Request,200,OK,Thread Group 24-1,text,true,378,389
1492727308677,392,HTTP Request,200,OK,Thread Group 18-1,text,true,378,392
1492727308685,389,HTTP Request,200,OK,Thread Group 21-1,text,true,378,389
1492727308734,345,HTTP Request,200,OK,Thread Group 12-1,text,true,378,344
1492727308739,357,HTTP Request,200,OK,Thread Group 22-1,text,true,378,357
1492727308745,359,HTTP Request,200,OK,Thread Group 2-1,text,true,378,359
1492727308761,350,HTTP Request,200,OK,Thread Group 9-1,text,true,378,350
1492727308773,381,HTTP Request,200,OK,Thread Group 19-1,text,true,378,381
1492727308812,366,HTTP Request,200,OK,Thread Group 25-1,text,true,378,366
1492727308825,369,HTTP Request,200,OK,Thread Group 20-1,text,true,378,369
1492727308864,336,HTTP Request,200,OK,Thread Group 29-1,text,true,378,336
1492727308907,345,HTTP Request,200,OK,Thread Group 7-1,text,true,378,345
1492727308912,399,HTTP Request,200,OK,Thread Group 26-1,text,true,378,399
1492727308927,394,HTTP Request,200,OK,Thread Group 16-1,text,true,378,394
1492727308959,416,HTTP Request,200,OK,Thread Group 17-1,text,true,378,416
1492727308954,430,HTTP Request,200,OK,Thread Group 15-1,text,true,378,430
1492727308991,405,HTTP Request,200,OK,Thread Group 4-1,text,true,378,405
1492727308977,423,HTTP Request,200,OK,Thread Group 1-1,text,true,378,423
1492727308996,428,HTTP Request,200,OK,Thread Group 27-1,text,true,378,428
1492727309021,425,HTTP Request,200,OK,Thread Group 23-1,text,true,378,425
1492727309033,429,HTTP Request,200,OK,Thread Group 3-1,text,true,378,429
1492727309027,450,HTTP Request,200,OK,Thread Group 13-1,text,true,378,450
1492727309038,448,HTTP Request,200,OK,Thread Group 6-1,text,true,378,448
1492727309054,443,HTTP Request,200,OK,Thread Group 28-1,text,true,378,443
1492727309062,445,HTTP Request,200,OK,Thread Group 24-1,text,true,378,445
1492727309074,439,HTTP Request,200,OK,Thread Group 21-1,text,true,378,439
1492727309069,447,HTTP Request,200,OK,Thread Group 18-1,text,true,378,447
1492727309079,462,HTTP Request,200,OK,Thread Group 12-1,text,true,378,462
1492727309096,449,HTTP Request,200,OK,Thread Group 22-1,text,true,378,449
1492727309104,450,HTTP Request,200,OK,Thread Group 2-1,text,true,378,450
1492727309111,449,HTTP Request,200,OK,Thread Group 9-1,text,true,378,449
1492727309154,447,HTTP Request,200,OK,Thread Group 19-1,text,true,378,447
1492727309179,439,HTTP Request,200,OK,Thread Group 25-1,text,true,378,439
1492727309194,437,HTTP Request,200,OK,Thread Group 20-1,text,true,378,437
1492727309200,443,HTTP Request,200,OK,Thread Group 29-1,text,true,378,443
1492727309253,416,HTTP Request,200,OK,Thread Group 7-1,text,true,378,416
1492727309311,397,HTTP Request,200,OK,Thread Group 26-1,text,true,378,397
1492727309321,395,HTTP Request,200,OK,Thread Group 16-1,text,true,378,395
1492727309376,378,HTTP Request,200,OK,Thread Group 17-1,text,true,378,378
1492727309384,374,HTTP Request,200,OK,Thread Group 15-1,text,true,378,374
1492727309397,370,HTTP Request,200,OK,Thread Group 4-1,text,true,378,370
1492727309401,371,HTTP Request,200,OK,Thread Group 1-1,text,true,378,371
1492727309425,361,HTTP Request,200,OK,Thread Group 27-1,text,true,378,361
1492727309447,353,HTTP Request,200,OK,Thread Group 23-1,text,true,378,353
1492727309462,352,HTTP Request,200,OK,Thread Group 3-1,text,true,378,352
1492727309477,348,HTTP Request,200,OK,Thread Group 13-1,text,true,378,348
1492727309487,346,HTTP Request,200,OK,Thread Group 6-1,text,true,378,346
1492727309497,347,HTTP Request,200,OK,Thread Group 28-1,text,true,378,347
1492727309508,345,HTTP Request,200,OK,Thread Group 24-1,text,true,378,345
1492727309513,345,HTTP Request,200,OK,Thread Group 21-1,text,true,378,345
1492727309516,348,HTTP Request,200,OK,Thread Group 18-1,text,true,378,348
1492727309541,346,HTTP Request,200,OK,Thread Group 12-1,text,true,378,346
1492727309545,346,HTTP Request,200,OK,Thread Group 22-1,text,true,378,346
1492727309554,346,HTTP Request,200,OK,Thread Group 2-1,text,true,378,346
1492727309560,345,HTTP Request,200,OK,Thread Group 9-1,text,true,378,345
1492727309601,344,HTTP Request,200,OK,Thread Group 19-1,text,true,378,343
1492727309619,342,HTTP Request,200,OK,Thread Group 25-1,text,true,378,342
1492727309632,333,HTTP Request,200,OK,Thread Group 20-1,text,true,378,333
1492727309643,345,HTTP Request,200,OK,Thread Group 29-1,text,true,378,345
1492727309669,340,HTTP Request,200,OK,Thread Group 7-1,text,true,378,340
1492727309709,337,HTTP Request,200,OK,Thread Group 26-1,text,true,378,337
1492727309716,335,HTTP Request,200,OK,Thread Group 16-1,text,true,378,335
1492727309754,333,HTTP Request,200,OK,Thread Group 17-1,text,true,378,333
1492727309758,337,HTTP Request,200,OK,Thread Group 15-1,text,true,378,337
1492727309767,333,HTTP Request,200,OK,Thread Group 4-1,text,true,378,333
1492727309772,336,HTTP Request,200,OK,Thread Group 1-1,text,true,378,336
1492727309787,335,HTTP Request,200,OK,Thread Group 27-1,text,true,378,335
1492727309801,362,HTTP Request,200,OK,Thread Group 23-1,text,true,378,362
1492727309814,352,HTTP Request,200,OK,Thread Group 3-1,text,true,378,352
1492727309825,357,HTTP Request,200,OK,Thread Group 13-1,text,true,378,357
1492727309833,357,HTTP Request,200,OK,Thread Group 6-1,text,true,378,357
1492727309845,349,HTTP Request,200,OK,Thread Group 28-1,text,true,378,349
1492727309853,355,HTTP Request,200,OK,Thread Group 24-1,text,true,378,355
1492727309858,358,HTTP Request,200,OK,Thread Group 21-1,text,true,378,358
1492727309865,355,HTTP Request,200,OK,Thread Group 18-1,text,true,378,355
1492727309887,358,HTTP Request,200,OK,Thread Group 12-1,text,true,378,358
1492727309891,358,HTTP Request,200,OK,Thread Group 22-1,text,true,378,358
1492727309901,355,HTTP Request,200,OK,Thread Group 2-1,text,true,378,355
1492727309905,359,HTTP Request,200,OK,Thread Group 9-1,text,true,378,359
1492727309945,356,HTTP Request,200,OK,Thread Group 19-1,text,true,378,356
1492727309961,358,HTTP Request,200,OK,Thread Group 25-1,text,true,378,358
1492727309965,368,HTTP Request,200,OK,Thread Group 20-1,text,true,378,368
1492727309988,354,HTTP Request,200,OK,Thread Group 29-1,text,true,378,354
1492727310014,361,HTTP Request,200,OK,Thread Group 7-1,text,true,378,361
1492727310046,358,HTTP Request,200,OK,Thread Group 26-1,text,true,378,357
1492727310052,356,HTTP Request,200,OK,Thread Group 16-1,text,true,378,356
1492727310088,360,HTTP Request,200,OK,Thread Group 17-1,text,true,378,360
1492727310096,360,HTTP Request,200,OK,Thread Group 15-1,text,true,378,360
1492727310100,366,HTTP Request,200,OK,Thread Group 4-1,text,true,378,366
1492727310109,363,HTTP Request,200,OK,Thread Group 1-1,text,true,378,363
1492727310122,364,HTTP Request,200,OK,Thread Group 27-1,text,true,378,364
1492727310164,332,HTTP Request,200,OK,Thread Group 23-1,text,true,378,332
1492727310166,345,HTTP Request,200,OK,Thread Group 3-1,text,true,378,345
1492727310183,347,HTTP Request,200,OK,Thread Group 13-1,text,true,378,346
1492727310190,349,HTTP Request,200,OK,Thread Group 6-1,text,true,378,349
1492727310194,349,HTTP Request,200,OK,Thread Group 28-1,text,true,378,349
1492727310209,351,HTTP Request,200,OK,Thread Group 24-1,text,true,378,351
1492727310216,347,HTTP Request,200,OK,Thread Group 21-1,text,true,378,347
1492727310220,353,HTTP Request,200,OK,Thread Group 18-1,text,true,378,353
1492727310246,352,HTTP Request,200,OK,Thread Group 12-1,text,true,378,352
1492727310249,352,HTTP Request,200,OK,Thread Group 22-1,text,true,378,352
1492727310256,354,HTTP Request,200,OK,Thread Group 2-1,text,true,378,354
1492727310264,350,HTTP Request,200,OK,Thread Group 9-1,text,true,378,350
1492727310301,351,HTTP Request,200,OK,Thread Group 19-1,text,true,378,351
1492727310320,357,HTTP Request,200,OK,Thread Group 25-1,text,true,378,357
1492727310334,349,HTTP Request,200,OK,Thread Group 20-1,text,true,378,349
1492727310342,354,HTTP Request,200,OK,Thread Group 29-1,text,true,378,354
1492727310375,353,HTTP Request,200,OK,Thread Group 7-1,text,true,378,353
1492727310404,353,HTTP Request,200,OK,Thread Group 26-1,text,true,378,353
1492727310408,357,HTTP Request,200,OK,Thread Group 16-1,text,true,378,357
1492727310448,358,HTTP Request,200,OK,Thread Group 17-1,text,true,378,358
1492727310456,353,HTTP Request,200,OK,Thread Group 15-1,text,true,378,353
1492727310466,350,HTTP Request,200,OK,Thread Group 4-1,text,true,378,350
1492727310473,351,HTTP Request,200,OK,Thread Group 1-1,text,true,378,351
1492727310487,352,HTTP Request,200,OK,Thread Group 27-1,text,true,378,351
1492727310496,346,HTTP Request,200,OK,Thread Group 23-1,text,true,378,346
1492727310512,356,HTTP Request,200,OK,Thread Group 3-1,text,true,378,356
1492727310530,354,HTTP Request,200,OK,Thread Group 13-1,text,true,378,354
1492727310540,348,HTTP Request,200,OK,Thread Group 6-1,text,true,378,348
1492727310543,354,HTTP Request,200,OK,Thread Group 28-1,text,true,378,353
1492727310560,351,HTTP Request,200,OK,Thread Group 24-1,text,true,378,351
1492727310563,358,HTTP Request,200,OK,Thread Group 21-1,text,true,378,358
1492727310573,352,HTTP Request,200,OK,Thread Group 18-1,text,true,378,352
1492727310598,353,HTTP Request,200,OK,Thread Group 12-1,text,true,378,353
1492727310602,358,HTTP Request,200,OK,Thread Group 22-1,text,true,378,358
1492727310610,355,HTTP Request,200,OK,Thread Group 2-1,text,true,378,355
1492727310614,359,HTTP Request,200,OK,Thread Group 9-1,text,true,378,359
1492727310652,365,HTTP Request,200,OK,Thread Group 19-1,text,true,378,365
1492727310677,363,HTTP Request,200,OK,Thread Group 25-1,text,true,378,363
1492727310683,368,HTTP Request,200,OK,Thread Group 20-1,text,true,378,368
1492727310696,370,HTTP Request,200,OK,Thread Group 29-1,text,true,378,370
1492727310728,369,HTTP Request,200,OK,Thread Group 7-1,text,true,378,369
1492727310761,370,HTTP Request,200,OK,Thread Group 26-1,text,true,378,370
1492727310765,371,HTTP Request,200,OK,Thread Group 16-1,text,true,378,371
1492727310807,374,HTTP Request,200,OK,Thread Group 17-1,text,true,378,374
1492727310810,376,HTTP Request,200,OK,Thread Group 15-1,text,true,378,376
1492727310817,379,HTTP Request,200,OK,Thread Group 4-1,text,true,378,379
1492727310824,375,HTTP Request,200,OK,Thread Group 1-1,text,true,378,375
1492727310839,380,HTTP Request,200,OK,Thread Group 27-1,text,true,378,380
1492727310842,383,HTTP Request,200,OK,Thread Group 23-1,text,true,378,383
1492727310868,382,HTTP Request,200,OK,Thread Group 3-1,text,true,378,382
1492727310885,381,HTTP Request,200,OK,Thread Group 13-1,text,true,378,381
1492727310888,389,HTTP Request,200,OK,Thread Group 6-1,text,true,378,389
1492727310897,384,HTTP Request,200,OK,Thread Group 28-1,text,true,378,384
1492727310912,386,HTTP Request,200,OK,Thread Group 24-1,text,true,378,386
1492727310921,379,HTTP Request,200,OK,Thread Group 21-1,text,true,378,379
1492727310925,385,HTTP Request,200,OK,Thread Group 18-1,text,true,378,385
1492727310952,378,HTTP Request,200,OK,Thread Group 12-1,text,true,378,378
1492727310960,381,HTTP Request,200,OK,Thread Group 22-1,text,true,378,381
1492727310965,382,HTTP Request,200,OK,Thread Group 2-1,text,true,378,382
1492727310973,380,HTTP Request,200,OK,Thread Group 9-1,text,true,378,380
1492727311017,379,HTTP Request,200,OK,Thread Group 19-1,text,true,378,379
1492727311041,375,HTTP Request,200,OK,Thread Group 25-1,text,true,378,374
1492727311051,373,HTTP Request,200,OK,Thread Group 20-1,text,true,378,373
1492727311067,370,HTTP Request,200,OK,Thread Group 29-1,text,true,378,370
1492727311098,369,HTTP Request,200,OK,Thread Group 7-1,text,true,378,369
1492727311132,367,HTTP Request,200,OK,Thread Group 26-1,text,true,378,367
1492727311136,367,HTTP Request,200,OK,Thread Group 16-1,text,true,378,367
1492727311181,367,HTTP Request,200,OK,Thread Group 17-1,text,true,378,367
1492727311186,368,HTTP Request,200,OK,Thread Group 15-1,text,true,378,368
1492727311196,362,HTTP Request,200,OK,Thread Group 4-1,text,true,378,362
1492727311199,367,HTTP Request,200,OK,Thread Group 1-1,text,true,378,367
1492727311220,361,HTTP Request,200,OK,Thread Group 27-1,text,true,378,361
1492727311225,363,HTTP Request,200,OK,Thread Group 23-1,text,true,378,363
1492727311250,358,HTTP Request,200,OK,Thread Group 3-1,text,true,378,358
1492727311266,361,HTTP Request,200,OK,Thread Group 13-1,text,true,378,361
1492727311277,354,HTTP Request,200,OK,Thread Group 6-1,text,true,378,354
1492727311281,358,HTTP Request,200,OK,Thread Group 28-1,text,true,378,358
1492727311299,354,HTTP Request,200,OK,Thread Group 24-1,text,true,378,354
1492727311300,359,HTTP Request,200,OK,Thread Group 21-1,text,true,378,359
1492727311310,358,HTTP Request,200,OK,Thread Group 18-1,text,true,378,358
1492727311341,353,HTTP Request,200,OK,Thread Group 22-1,text,true,378,353
1492727311330,374,HTTP Request,200,OK,Thread Group 12-1,text,true,378,374
1492727311350,362,HTTP Request,200,OK,Thread Group 2-1,text,true,378,362
1492727311353,365,HTTP Request,200,OK,Thread Group 9-1,text,true,378,365
1492727311396,368,HTTP Request,200,OK,Thread Group 19-1,text,true,378,368
1492727311416,376,HTTP Request,200,OK,Thread Group 25-1,text,true,378,376
1492727311424,371,HTTP Request,200,OK,Thread Group 20-1,text,true,378,371
1492727311437,374,HTTP Request,200,OK,Thread Group 29-1,text,true,378,374
1492727311467,379,HTTP Request,200,OK,Thread Group 7-1,text,true,378,379
1492727311503,381,HTTP Request,200,OK,Thread Group 16-1,text,true,378,381
1492727311499,386,HTTP Request,200,OK,Thread Group 26-1,text,true,378,386
1492727311549,367,HTTP Request,200,OK,Thread Group 17-1,text,true,378,366
1492727311554,367,HTTP Request,200,OK,Thread Group 15-1,text,true,378,367
1492727311558,368,HTTP Request,200,OK,Thread Group 4-1,text,true,378,368
1492727311566,367,HTTP Request,200,OK,Thread Group 1-1,text,true,378,367
1492727311581,366,HTTP Request,200,OK,Thread Group 27-1,text,true,378,366
1492727311588,364,HTTP Request,200,OK,Thread Group 23-1,text,true,378,364
1492727311608,367,HTTP Request,200,OK,Thread Group 3-1,text,true,378,367
1492727311627,363,HTTP Request,200,OK,Thread Group 13-1,text,true,378,363
1492727311631,362,HTTP Request,200,OK,Thread Group 6-1,text,true,378,362
1492727311640,361,HTTP Request,200,OK,Thread Group 28-1,text,true,378,361
1492727311653,361,HTTP Request,200,OK,Thread Group 24-1,text,true,378,361
1492727311660,362,HTTP Request,200,OK,Thread Group 21-1,text,true,378,362
1492727311669,358,HTTP Request,200,OK,Thread Group 18-1,text,true,378,358
1492727311695,351,HTTP Request,200,OK,Thread Group 22-1,text,true,378,351
1492727311704,350,HTTP Request,200,OK,Thread Group 12-1,text,true,378,350
1492727311718,343,HTTP Request,200,OK,Thread Group 9-1,text,true,378,343
1492727311765,333,HTTP Request,200,OK,Thread Group 19-1,text,true,378,333
1492727311792,325,HTTP Request,200,OK,Thread Group 25-1,text,true,378,325
1492727311795,333,HTTP Request,200,OK,Thread Group 20-1,text,true,378,333
1492727311812,327,HTTP Request,200,OK,Thread Group 29-1,text,true,378,327
1492727311846,317,HTTP Request,200,OK,Thread Group 7-1,text,true,378,317
1492727311885,306,HTTP Request,200,OK,Thread Group 16-1,text,true,378,306
1492727311885,314,HTTP Request,200,OK,Thread Group 26-1,text,true,378,314
1492727311916,295,HTTP Request,200,OK,Thread Group 17-1,text,true,378,295
1492727311921,298,HTTP Request,200,OK,Thread Group 15-1,text,true,378,298
1492727311927,297,HTTP Request,200,OK,Thread Group 4-1,text,true,378,297
1492727311933,297,HTTP Request,200,OK,Thread Group 1-1,text,true,378,297
1492727311948,297,HTTP Request,200,OK,Thread Group 27-1,text,true,378,297
1492727311952,302,HTTP Request,200,OK,Thread Group 23-1,text,true,378,302
1492727311976,299,HTTP Request,200,OK,Thread Group 3-1,text,true,378,299
1492727311991,295,HTTP Request,200,OK,Thread Group 13-1,text,true,378,295
1492727312001,293,HTTP Request,200,OK,Thread Group 28-1,text,true,378,293
1492727312014,295,HTTP Request,200,OK,Thread Group 24-1,text,true,378,295
1492727312022,292,HTTP Request,200,OK,Thread Group 21-1,text,true,378,292
1492727312027,295,HTTP Request,200,OK,Thread Group 18-1,text,true,378,295
1492727312054,290,HTTP Request,200,OK,Thread Group 12-1,text,true,378,290
1492727312099,277,HTTP Request,200,OK,Thread Group 19-1,text,true,378,277
1492727312118,281,HTTP Request,200,OK,Thread Group 25-1,text,true,378,281
1492727312128,277,HTTP Request,200,OK,Thread Group 20-1,text,true,378,277
1492727312139,277,HTTP Request,200,OK,Thread Group 29-1,text,true,378,277
1492727312164,281,HTTP Request,200,OK,Thread Group 7-1,text,true,378,281
1492727312192,286,HTTP Request,200,OK,Thread Group 16-1,text,true,378,286
1492727312199,284,HTTP Request,200,OK,Thread Group 26-1,text,true,378,284
1492727312212,275,HTTP Request,200,OK,Thread Group 17-1,text,true,378,275
1492727312224,273,HTTP Request,200,OK,Thread Group 4-1,text,true,378,273
1492727312230,274,HTTP Request,200,OK,Thread Group 1-1,text,true,378,274
1492727312245,273,HTTP Request,200,OK,Thread Group 27-1,text,true,378,273
1492727312254,273,HTTP Request,200,OK,Thread Group 23-1,text,true,378,273
1492727312275,276,HTTP Request,200,OK,Thread Group 3-1,text,true,378,276
1492727312286,282,HTTP Request,200,OK,Thread Group 13-1,text,true,378,282
1492727312295,280,HTTP Request,200,OK,Thread Group 28-1,text,true,378,280
1492727312310,282,HTTP Request,200,OK,Thread Group 24-1,text,true,378,282
1492727312314,282,HTTP Request,200,OK,Thread Group 21-1,text,true,378,282
1492727312322,283,HTTP Request,200,OK,Thread Group 18-1,text,true,378,283
1492727312376,295,HTTP Request,200,OK,Thread Group 19-1,text,true,378,295
1492727312399,302,HTTP Request,200,OK,Thread Group 25-1,text,true,378,302
1492727312405,302,HTTP Request,200,OK,Thread Group 20-1,text,true,378,302
1492727312417,304,HTTP Request,200,OK,Thread Group 29-1,text,true,378,304
1492727312445,299,HTTP Request,200,OK,Thread Group 7-1,text,true,378,299
1492727312478,291,HTTP Request,200,OK,Thread Group 16-1,text,true,378,291
1492727312483,303,HTTP Request,200,OK,Thread Group 26-1,text,true,378,303
1492727312504,292,HTTP Request,200,OK,Thread Group 1-1,text,true,378,292
1492727312487,318,HTTP Request,200,OK,Thread Group 17-1,text,true,378,318
1492727312518,291,HTTP Request,200,OK,Thread Group 27-1,text,true,378,291
1492727312527,290,HTTP Request,200,OK,Thread Group 23-1,text,true,378,290
1492727312551,276,HTTP Request,200,OK,Thread Group 3-1,text,true,378,276
1492727312569,272,HTTP Request,200,OK,Thread Group 13-1,text,true,378,272
1492727312575,274,HTTP Request,200,OK,Thread Group 28-1,text,true,378,274
1492727312592,273,HTTP Request,200,OK,Thread Group 24-1,text,true,378,273
1492727312605,265,HTTP Request,200,OK,Thread Group 18-1,text,true,378,265
1492727312672,213,HTTP Request,200,OK,Thread Group 19-1,text,true,378,213
1492727312721,220,HTTP Request,200,OK,Thread Group 29-1,text,true,378,220
1492727312745,202,HTTP Request,200,OK,Thread Group 7-1,text,true,378,202
1492727312770,220,HTTP Request,200,OK,Thread Group 16-1,text,true,378,220
1492727312787,210,HTTP Request,200,OK,Thread Group 26-1,text,true,378,210
1492727312805,209,HTTP Request,200,OK,Thread Group 17-1,text,true,378,209
1492727312796,223,HTTP Request,200,OK,Thread Group 1-1,text,true,378,223
1492727312809,215,HTTP Request,200,OK,Thread Group 27-1,text,true,378,215
1492727312817,227,HTTP Request,200,OK,Thread Group 23-1,text,true,378,227
1492727312865,200,HTTP Request,200,OK,Thread Group 24-1,text,true,378,200
1492727312870,201,HTTP Request,200,OK,Thread Group 18-1,text,true,378,201
1492727312885,195,HTTP Request,200,OK,Thread Group 19-1,text,true,378,195
1492727312941,192,HTTP Request,200,OK,Thread Group 29-1,text,true,378,192
1492727312947,191,HTTP Request,200,OK,Thread Group 7-1,text,true,378,191
1492727312991,177,HTTP Request,200,OK,Thread Group 16-1,text,true,378,177
1492727312997,180,HTTP Request,200,OK,Thread Group 26-1,text,true,378,180
1492727313015,166,HTTP Request,200,OK,Thread Group 17-1,text,true,378,166
1492727313019,170,HTTP Request,200,OK,Thread Group 1-1,text,true,378,170
1492727313044,152,HTTP Request,200,OK,Thread Group 23-1,text,true,378,152
1492727313065,150,HTTP Request,200,OK,Thread Group 24-1,text,true,378,150
1492727313071,153,HTTP Request,200,OK,Thread Group 18-1,text,true,378,153
1492727313081,148,HTTP Request,200,OK,Thread Group 19-1,text,true,378,148
1492727313133,145,HTTP Request,200,OK,Thread Group 29-1,text,true,378,145
1492727313138,157,HTTP Request,200,OK,Thread Group 7-1,text,true,378,157
1492727313169,151,HTTP Request,200,OK,Thread Group 16-1,text,true,378,151
1492727313177,149,HTTP Request,200,OK,Thread Group 26-1,text,true,378,149
1492727313181,152,HTTP Request,200,OK,Thread Group 17-1,text,true,378,152
1492727313189,150,HTTP Request,200,OK,Thread Group 1-1,text,true,378,150
1492727313196,148,HTTP Request,200,OK,Thread Group 23-1,text,true,378,148
1492727313224,125,HTTP Request,200,OK,Thread Group 18-1,text,true,378,125
1492727313216,150,HTTP Request,200,OK,Thread Group 24-1,text,true,378,150
1492727313229,143,HTTP Request,200,OK,Thread Group 19-1,text,true,378,143
1492727313298,120,HTTP Request,200,OK,Thread Group 7-1,text,true,378,120
1492727313320,110,HTTP Request,200,OK,Thread Group 16-1,text,true,378,110
1492727313326,113,HTTP Request,200,OK,Thread Group 26-1,text,true,378,113
1492727313334,109,HTTP Request,200,OK,Thread Group 17-1,text,true,378,109
1492727313339,113,HTTP Request,200,OK,Thread Group 1-1,text,true,378,112
1492727313349,107,HTTP Request,200,OK,Thread Group 18-1,text,true,378,107
1492727313372,97,HTTP Request,200,OK,Thread Group 19-1,text,true,378,97
1492727313418,97,HTTP Request,200,OK,Thread Group 7-1,text,true,378,97
1492727313439,82,HTTP Request,200,OK,Thread Group 26-1,text,true,378,82
1492727313443,84,HTTP Request,200,OK,Thread Group 17-1,text,true,378,84
1492727313452,81,HTTP Request,200,OK,Thread Group 1-1,text,true,378,81
1492727313457,82,HTTP Request,200,OK,Thread Group 18-1,text,true,378,82
1492727313521,36,HTTP Request,200,OK,Thread Group 26-1,text,true,378,36
